[Licensing::Module] Trying to connect to existing licensing client channel...
Built from '6000.3/staging' branch; Version is '6000.3.8f1 (1c7db571dde0) revision 1867189'; Using compiler version '194234433'; Build Type 'Release'
OS: 'Windows 11  (10.0.26200) Professional' Language: 'pl' Physical Memory: 32672 MB
BatchMode: 0, IsHumanControllingUs: 1, StartBugReporterOnCrash: 1, Is64bit: 1
[Licensing::IpcConnector] Channel LicenseClient-licen doesn't exist
System  architecture: x64
Process architecture: x64
Date: 2026-02-22T13:35:50Z
[Licensing::Module] Successfully launched the LicensingClient (PId: 26312)

COMMAND LINE ARGUMENTS:
C:\Program Files\Unity\Hub\Editor\6000.3.8f1\Editor\Unity.exe
-projectPath
C:\Users\licen\Projects\theraply-vr-framework\unity-quest-template
-buildTarget
Android
-executeMethod
TheraplyCore.Editor.Automation.CriticalEndSessionAckTransportValidation.RunCriticalEndSessionAckTransportValidation
-logFile
docs\evidence\20260222_143237\commands\unity_critical_end_session_ack_transport_non_batch.log
Successfully changed project path to: C:\Users\licen\Projects\theraply-vr-framework\unity-quest-template
C:/Users/licen/Projects/theraply-vr-framework/unity-quest-template
[UnityMemory] Configuration Parameters - Can be set up in boot.config
    "memorysetup-temp-allocator-size-nav-mesh-worker=65536"
    "memorysetup-temp-allocator-size-audio-worker=65536"
    "memorysetup-temp-allocator-size-gfx=262144"
    "memorysetup-allocator-temp-initial-block-size-main=262144"
    "memorysetup-allocator-temp-initial-block-size-worker=262144"
    "memorysetup-temp-allocator-size-background-worker=32768"
    "memorysetup-temp-allocator-size-job-worker=262144"
    "memorysetup-temp-allocator-size-preload-manager=33554432"
    "memorysetup-temp-allocator-size-gi-baking-worker=262144"
    "memorysetup-temp-allocator-size-gi-baking-worker=262144"
    "memorysetup-temp-allocator-size-gi-baking-worker=262144"
    "memorysetup-temp-allocator-size-gi-baking-worker=262144"
    "memorysetup-temp-allocator-size-gi-baking-worker=262144"
    "memorysetup-bucket-allocator-granularity=16"
    "memorysetup-bucket-allocator-bucket-count=8"
    "memorysetup-bucket-allocator-block-size=33554432"
    "memorysetup-bucket-allocator-block-count=8"
    "memorysetup-main-allocator-block-size=16777216"
    "memorysetup-thread-allocator-block-size=16777216"
    "memorysetup-gfx-main-allocator-block-size=16777216"
    "memorysetup-gfx-thread-allocator-block-size=16777216"
    "memorysetup-cache-allocator-block-size=4194304"
    "memorysetup-typetree-allocator-block-size=2097152"
    "memorysetup-profiler-bucket-allocator-granularity=16"
    "memorysetup-profiler-bucket-allocator-bucket-count=8"
    "memorysetup-profiler-bucket-allocator-block-size=33554432"
    "memorysetup-profiler-bucket-allocator-block-count=8"
    "memorysetup-profiler-allocator-block-size=16777216"
    "memorysetup-profiler-editor-allocator-block-size=1048576"
    "memorysetup-temp-allocator-size-main=16777216"
    "memorysetup-job-temp-allocator-block-size=2097152"
    "memorysetup-job-temp-allocator-block-size-background=1048576"
    "memorysetup-job-temp-allocator-reduction-small-platforms=262144"
    "memorysetup-temp-allocator-size-cloud-worker=32768"
Player connection [9712]  Target information:

Player connection [9712]  * "[IP] 192.168.0.221 [Port] 55504 [Flags] 2 [Guid] 1076955670 [EditorId] 1076955670 [Version] 1048832 [Id] WindowsEditor(7,MARCIN_PC) [Debug] 1 [PackageName] WindowsEditor [ProjectName] Editor" 

Player connection [9712]  * "[IP] 100.112.161.47 [Port] 55504 [Flags] 2 [Guid] 1076955670 [EditorId] 1076955670 [Version] 1048832 [Id] WindowsEditor(7,MARCIN_PC) [Debug] 1 [PackageName] WindowsEditor [ProjectName] Editor" 

Player connection [9712] Host joined multi-casting on [225.0.0.222:54997]...
Player connection [9712] Host joined alternative multi-casting on [225.0.0.222:34997]...
Input System module state changed to: Initialized.
[Physics::Module] Initialized fallback backend.
[Physics::Module] Id: 0xdecafbad
Starting IPC server.
Waiting for clients to connect on \\.\pipe\Unity-LicenseClient-licen, press Ctrl-C to exit.
[Licensing::IpcConnector] Successfully connected to: "LicenseClient-licen" at "2026-02-22T13:35:51.222285Z"
[Package Manager] Connected to IPC stream "Upm-17620" after 0.3 seconds.
[Licensing::Module] Licensing is not yet initialized.
[Licensing::Client] Handshaking with LicensingClient:
  Version:                 1.17.4+4293ba1
  Session Id:              667494ad47994471a69e108ccb383739
  Correlation Id:          a416b050ae69da97eb4066ba559064e2
  External correlation Id: 4681372509943459486
  Machine Id:              vMwHPvfi1alxp1sT2fMsT3AqMw0=
[Licensing::Module] Successfully connected to LicensingClient on channel: "LicenseClient-licen" (connect: 0.24s, validation: 0.04s, handshake: 0.70s)
[Licensing::IpcConnector] Successfully connected to: "LicenseClient-licen-notifications" at "2026-02-22T13:35:51.9616351Z"
[Licensing::Module] Connected to LicensingClient (PId: 26312, launch time: 0.00, total connection time: 0.98s)
[Licensing::Module] Error: Access token is unavailable; failed to update
[Licensing::Client] Successfully resolved entitlement details
[Licensing::Module] License group:
  Id: 1374621094362-UnityPersXXXX
  Product: Unity Personal
  Type: Assigned
  Expiration: Unlimited
[Licensing::Client] Successfully updated license, isAsync: True, time: 0.01
[Licensing::Client] Successfully resolved entitlement details
[Licensing::Module] Licensing Background thread has ended after 1.01s
[Licensing::Module] Licensing is initialized (took 0.61s).
[Licensing::Client] Successfully resolved entitlement details
Library Redirect Path: Library/
[Physics::Module] Selected backend.
[Physics::Module] Name: PhysX
[Physics::Module] Id: 0xf2b8ea05
[Physics::Module] SDK Version: 4.1.2
[Physics::Module] Integration Version: 1.0.0
[Physics::Module] Threading Mode: Multi-Threaded
[Licensing::Client] Successfully resolved entitlement details
Targeting platform: Android
Refreshing native plugins compatible for Editor in 1.94 ms, found 0 plugins.
Preloading 0 native plugins for Editor in 0.00 ms.
Initialize engine version: 6000.3.8f1 (1c7db571dde0)
[Subsystems] Discovering subsystems at path C:/Program Files/Unity/Hub/Editor/6000.3.8f1/Editor/Data/Resources/UnitySubsystems
[Subsystems] Discovering subsystems at path C:/Users/licen/Projects/theraply-vr-framework/unity-quest-template/Assets
[D3D12 Device Filter] Vendor Name: NVIDIA
[D3D12 Device Filter] Device Name: NVIDIA GeForce RTX 3060
[D3D12 Device Filter] Driver Version: 32.0.15.6094
[D3D12 Device Filter] Feature Level: 12.2
[D3D12 Device Filter] Graphics Memory: 12110 MB
[D3D12 Device Filter] Processor Count: 12
[D3D12 Device Filter] Device Type: Discrete
GfxDevice: creating device client; kGfxThreadingModeSplitJobs
d3d12: failed to query info queue interface (0x80004002).
Direct3D:
    Version:         Direct3D 12 [level 12.2]
    Renderer:        NVIDIA GeForce RTX 3060 (ID=0x2487)
    Vendor:          NVIDIA
    VRAM:            12110 MB
    App VRAM Budget: 11342 MB
    Driver:          32.0.15.6094
Shader 'Oculus/OVRMRCameraFrameLit': fallback shader 'Alpha-Diffuse' not found
Initialize mono
Mono path[0] = 'C:/Program Files/Unity/Hub/Editor/6000.3.8f1/Editor/Data/Managed'
Mono path[1] = 'C:/Program Files/Unity/Hub/Editor/6000.3.8f1/Editor/Data/MonoBleedingEdge/lib/mono/unityjit-win32'
Mono config path = 'C:/Program Files/Unity/Hub/Editor/6000.3.8f1/Editor/Data/MonoBleedingEdge/etc'
Using monoOptions --debugger-agent=transport=dt_socket,embedding=1,server=y,suspend=n,address=127.0.0.1:56620
Using cacheserver namespaces - metadata:defaultmetadata, artifacts:defaultartifacts
Using cacheserver namespaces - metadata:defaultmetadata, artifacts:defaultartifacts
ImportWorker Server TCP listen port: 0
AcceleratorClientConnectionCallback - disconnected - :0
Begin MonoManager ReloadAssembly
Registering precompiled unity dll's ...
Register platform support module: C:/Program Files/Unity/Hub/Editor/6000.3.8f1/Editor/Data/PlaybackEngines/WindowsStandaloneSupport/UnityEditor.WindowsStandalone.Extensions.dll
Register platform support module: C:/Program Files/Unity/Hub/Editor/6000.3.8f1/Editor/Data/PlaybackEngines/AndroidPlayer/UnityEditor.Android.Extensions.dll
Registered in 0.002120 seconds.
- Loaded All Assemblies, in  0.320 seconds
Native extension for Android target not found
Native extension for WindowsStandalone target not found
ScheduleIndexationOnStartup MainProcess:False IndexOnStartup:True
Package Manager log level set to [2]
Mono: successfully reloaded assembly
- Finished resetting the current domain, in  0.388 seconds
Domain Reload Profiling: 706ms
	BeginReloadAssembly (84ms)
		ExecutionOrderSort (0ms)
		DisableScriptedObjects (0ms)
		BackupInstance (0ms)
		ReleaseScriptingObjects (0ms)
		CreateAndSetChildDomain (3ms)
	RebuildCommonClasses (32ms)
	RebuildNativeTypeToScriptingClass (10ms)
	initialDomainReloadingComplete (41ms)
	LoadAllAssembliesAndSetupDomain (150ms)
		LoadAssemblies (78ms)
		RebuildTransferFunctionScriptingTraits (0ms)
		AnalyzeDomain (147ms)
			TypeCache.Refresh (145ms)
				TypeCache.ScanAssembly (133ms)
			BuildScriptInfoCaches (0ms)
			ResolveRequiredComponents (0ms)
	FinalizeReload (388ms)
		ReleaseScriptCaches (0ms)
		RebuildScriptCaches (0ms)
		SetupLoadedEditorAssemblies (355ms)
			LogAssemblyErrors (0ms)
			InitializePlatformSupportModulesInManaged (115ms)
			SetLoadedEditorAssemblies (4ms)
			BeforeProcessingInitializeOnLoad (67ms)
			ProcessInitializeOnLoadAttributes (123ms)
			ProcessInitializeOnLoadMethodAttributes (47ms)
			AfterProcessingInitializeOnLoad (0ms)
			EditorAssembliesLoaded (0ms)
		ExecutionOrderSort2 (0ms)
		AwakeInstancesAfterBackupRestoration (0ms)
[Licensing::Client] Successfully resolved entitlement details
[Licensing::Client] Successfully resolved entitlement details
Application.AssetDatabase Initial Refresh Start
[Package Manager] Restoring resolved packages state from cache
[Licensing::Client] Successfully resolved entitlement details
[Package Manager] Registered 51 packages:
  Packages from [https://packages.unity.com]:
    com.meta.xr.sdk.interaction.ovr@85.0.0 (location: C:\Users\licen\Projects\theraply-vr-framework\unity-quest-template\Library\PackageCache\com.meta.xr.sdk.interaction.ovr@964224d78bc9)
    com.unity.webrtc@3.0.0 (location: C:\Users\licen\Projects\theraply-vr-framework\unity-quest-template\Library\PackageCache\com.unity.webrtc@9605a106619b)
    com.unity.xr.management@4.5.4 (location: C:\Users\licen\Projects\theraply-vr-framework\unity-quest-template\Library\PackageCache\com.unity.xr.management@e3a3882b360a)
    com.unity.xr.openxr@1.16.1 (location: C:\Users\licen\Projects\theraply-vr-framework\unity-quest-template\Library\PackageCache\com.unity.xr.openxr@ef0033a586bf)
    com.unity.inputsystem@1.18.0 (location: C:\Users\licen\Projects\theraply-vr-framework\unity-quest-template\Library\PackageCache\com.unity.inputsystem@57d0e36f6123)
    com.unity.xr.core-utils@2.5.3 (location: C:\Users\licen\Projects\theraply-vr-framework\unity-quest-template\Library\PackageCache\com.unity.xr.core-utils@f0450cbac8d6)
    com.unity.xr.legacyinputhelpers@2.1.13 (location: C:\Users\licen\Projects\theraply-vr-framework\unity-quest-template\Library\PackageCache\com.unity.xr.legacyinputhelpers@9535ff2c27ac)
    com.unity.editorcoroutines@1.0.1 (location: C:\Users\licen\Projects\theraply-vr-framework\unity-quest-template\Library\PackageCache\com.unity.editorcoroutines@54394ed3283c)
    com.meta.xr.sdk.core@85.0.0 (location: C:\Users\licen\Projects\theraply-vr-framework\unity-quest-template\Library\PackageCache\com.meta.xr.sdk.core@f8b4cfb2789f)
    com.meta.xr.sdk.interaction@85.0.0 (location: C:\Users\licen\Projects\theraply-vr-framework\unity-quest-template\Library\PackageCache\com.meta.xr.sdk.interaction@0a0b3efbe99d)
  Built-in packages:
    com.unity.multiplayer.center@1.0.1 (location: C:\Users\licen\Projects\theraply-vr-framework\unity-quest-template\Library\PackageCache\com.unity.multiplayer.center@f01f4ba8d00a)
    com.unity.modules.accessibility@1.0.0 (location: C:\Users\licen\Projects\theraply-vr-framework\unity-quest-template\Library\PackageCache\com.unity.modules.accessibility)
    com.unity.modules.adaptiveperformance@1.0.0 (location: C:\Users\licen\Projects\theraply-vr-framework\unity-quest-template\Library\PackageCache\com.unity.modules.adaptiveperformance)
    com.unity.modules.ai@1.0.0 (location: C:\Users\licen\Projects\theraply-vr-framework\unity-quest-template\Library\PackageCache\com.unity.modules.ai)
    com.unity.modules.androidjni@1.0.0 (location: C:\Users\licen\Projects\theraply-vr-framework\unity-quest-template\Library\PackageCache\com.unity.modules.androidjni)
    com.unity.modules.animation@1.0.0 (location: C:\Users\licen\Projects\theraply-vr-framework\unity-quest-template\Library\PackageCache\com.unity.modules.animation)
    com.unity.modules.assetbundle@1.0.0 (location: C:\Users\licen\Projects\theraply-vr-framework\unity-quest-template\Library\PackageCache\com.unity.modules.assetbundle)
    com.unity.modules.audio@1.0.0 (location: C:\Users\licen\Projects\theraply-vr-framework\unity-quest-template\Library\PackageCache\com.unity.modules.audio)
    com.unity.modules.cloth@1.0.0 (location: C:\Users\licen\Projects\theraply-vr-framework\unity-quest-template\Library\PackageCache\com.unity.modules.cloth)
    com.unity.modules.director@1.0.0 (location: C:\Users\licen\Projects\theraply-vr-framework\unity-quest-template\Library\PackageCache\com.unity.modules.director)
    com.unity.modules.imageconversion@1.0.0 (location: C:\Users\licen\Projects\theraply-vr-framework\unity-quest-template\Library\PackageCache\com.unity.modules.imageconversion)
    com.unity.modules.imgui@1.0.0 (location: C:\Users\licen\Projects\theraply-vr-framework\unity-quest-template\Library\PackageCache\com.unity.modules.imgui)
    com.unity.modules.jsonserialize@1.0.0 (location: C:\Users\licen\Projects\theraply-vr-framework\unity-quest-template\Library\PackageCache\com.unity.modules.jsonserialize)
    com.unity.modules.particlesystem@1.0.0 (location: C:\Users\licen\Projects\theraply-vr-framework\unity-quest-template\Library\PackageCache\com.unity.modules.particlesystem)
    com.unity.modules.physics@1.0.0 (location: C:\Users\licen\Projects\theraply-vr-framework\unity-quest-template\Library\PackageCache\com.unity.modules.physics)
    com.unity.modules.physics2d@1.0.0 (location: C:\Users\licen\Projects\theraply-vr-framework\unity-quest-template\Library\PackageCache\com.unity.modules.physics2d)
    com.unity.modules.screencapture@1.0.0 (location: C:\Users\licen\Projects\theraply-vr-framework\unity-quest-template\Library\PackageCache\com.unity.modules.screencapture)
    com.unity.modules.terrain@1.0.0 (location: C:\Users\licen\Projects\theraply-vr-framework\unity-quest-template\Library\PackageCache\com.unity.modules.terrain)
    com.unity.modules.terrainphysics@1.0.0 (location: C:\Users\licen\Projects\theraply-vr-framework\unity-quest-template\Library\PackageCache\com.unity.modules.terrainphysics)
    com.unity.modules.tilemap@1.0.0 (location: C:\Users\licen\Projects\theraply-vr-framework\unity-quest-template\Library\PackageCache\com.unity.modules.tilemap)
    com.unity.modules.ui@1.0.0 (location: C:\Users\licen\Projects\theraply-vr-framework\unity-quest-template\Library\PackageCache\com.unity.modules.ui)
    com.unity.modules.uielements@1.0.0 (location: C:\Users\licen\Projects\theraply-vr-framework\unity-quest-template\Library\PackageCache\com.unity.modules.uielements)
    com.unity.modules.umbra@1.0.0 (location: C:\Users\licen\Projects\theraply-vr-framework\unity-quest-template\Library\PackageCache\com.unity.modules.umbra)
    com.unity.modules.unityanalytics@1.0.0 (location: C:\Users\licen\Projects\theraply-vr-framework\unity-quest-template\Library\PackageCache\com.unity.modules.unityanalytics)
    com.unity.modules.unitywebrequest@1.0.0 (location: C:\Users\licen\Projects\theraply-vr-framework\unity-quest-template\Library\PackageCache\com.unity.modules.unitywebrequest)
    com.unity.modules.unitywebrequestassetbundle@1.0.0 (location: C:\Users\licen\Projects\theraply-vr-framework\unity-quest-template\Library\PackageCache\com.unity.modules.unitywebrequestassetbundle)
    com.unity.modules.unitywebrequestaudio@1.0.0 (location: C:\Users\licen\Projects\theraply-vr-framework\unity-quest-template\Library\PackageCache\com.unity.modules.unitywebrequestaudio)
    com.unity.modules.unitywebrequesttexture@1.0.0 (location: C:\Users\licen\Projects\theraply-vr-framework\unity-quest-template\Library\PackageCache\com.unity.modules.unitywebrequesttexture)
    com.unity.modules.unitywebrequestwww@1.0.0 (location: C:\Users\licen\Projects\theraply-vr-framework\unity-quest-template\Library\PackageCache\com.unity.modules.unitywebrequestwww)
    com.unity.modules.vectorgraphics@1.0.0 (location: C:\Users\licen\Projects\theraply-vr-framework\unity-quest-template\Library\PackageCache\com.unity.modules.vectorgraphics)
    com.unity.modules.vehicles@1.0.0 (location: C:\Users\licen\Projects\theraply-vr-framework\unity-quest-template\Library\PackageCache\com.unity.modules.vehicles)
    com.unity.modules.video@1.0.0 (location: C:\Users\licen\Projects\theraply-vr-framework\unity-quest-template\Library\PackageCache\com.unity.modules.video)
    com.unity.modules.vr@1.0.0 (location: C:\Users\licen\Projects\theraply-vr-framework\unity-quest-template\Library\PackageCache\com.unity.modules.vr)
    com.unity.modules.wind@1.0.0 (location: C:\Users\licen\Projects\theraply-vr-framework\unity-quest-template\Library\PackageCache\com.unity.modules.wind)
    com.unity.modules.xr@1.0.0 (location: C:\Users\licen\Projects\theraply-vr-framework\unity-quest-template\Library\PackageCache\com.unity.modules.xr)
    com.unity.modules.subsystems@1.0.0 (location: C:\Users\licen\Projects\theraply-vr-framework\unity-quest-template\Library\PackageCache\com.unity.modules.subsystems)
    com.unity.modules.hierarchycore@1.0.0 (location: C:\Users\licen\Projects\theraply-vr-framework\unity-quest-template\Library\PackageCache\com.unity.modules.hierarchycore)
    com.unity.ugui@2.0.0 (location: C:\Users\licen\Projects\theraply-vr-framework\unity-quest-template\Library\PackageCache\com.unity.ugui@bb329a87fcdc)
    com.unity.textmeshpro@5.0.0 (location: C:\Users\licen\Projects\theraply-vr-framework\unity-quest-template\Library\PackageCache\com.unity.textmeshpro@53f43edfd2e0)
  Git packages:
    com.github-glitchenzo.nugetforunity@https://github.com/GlitchEnzo/NuGetForUnity.git?path=/src/NuGetForUnity (location: C:\Users\licen\Projects\theraply-vr-framework\unity-quest-template\Library\PackageCache\com.github-glitchenzo.nugetforunity@1c1553136be4)
    jp.hadashikick.vcontainer@https://github.com/hadashiA/VContainer.git?path=VContainer/Assets/VContainer (location: C:\Users\licen\Projects\theraply-vr-framework\unity-quest-template\Library\PackageCache\jp.hadashikick.vcontainer@314ad69e1539)
[Subsystems] Looking for new subsystems at path C:\Users\licen\Projects\theraply-vr-framework\unity-quest-template\Library\PackageCache\com.unity.xr.openxr@ef0033a586bf
[Subsystems] Novel subsystem found at Library/PackageCache/com.unity.xr.openxr@ef0033a586bf/Runtime/UnitySubsystemsManifest.json
[Subsystems] Discovering subsystems at path C:/Program Files/Unity/Hub/Editor/6000.3.8f1/Editor/Data/Resources/UnitySubsystems
[Subsystems] Discovering subsystems at path C:/Users/licen/Projects/theraply-vr-framework/unity-quest-template/Assets
[Subsystems] Discovering subsystems at path C:\Users\licen\Projects\theraply-vr-framework\unity-quest-template\Library\PackageCache\com.unity.xr.openxr@ef0033a586bf
[Subsystems] No descriptors matched for  examples in Library/PackageCache/com.unity.xr.openxr@ef0033a586bf/Runtime/UnitySubsystemsManifest.json.
[Subsystems] 1 'inputs' descriptors matched in Library/PackageCache/com.unity.xr.openxr@ef0033a586bf/Runtime/UnitySubsystemsManifest.json
[Subsystems] 1 'displays' descriptors matched in Library/PackageCache/com.unity.xr.openxr@ef0033a586bf/Runtime/UnitySubsystemsManifest.json
[Subsystems] No descriptors matched for  meshings in Library/PackageCache/com.unity.xr.openxr@ef0033a586bf/Runtime/UnitySubsystemsManifest.json.
[Package Manager] Done registering packages in 0.02 seconds
info: Microsoft.Hosting.Lifetime[14]
      Now listening on: http://localhost:80
info: Microsoft.Hosting.Lifetime[0]
      Application started. Press Ctrl+C to shut down.
info: Microsoft.Hosting.Lifetime[0]
      Hosting environment: Production
info: Microsoft.Hosting.Lifetime[0]
      Content root path: C:\Users\licen\Projects\theraply-vr-framework\unity-quest-template\
info: Microsoft.AspNetCore.Hosting.Diagnostics[1]
      Request starting HTTP/2 POST http://ilpp/UnityILPP.PostProcessing/Ping application/grpc -
info: Microsoft.AspNetCore.Routing.EndpointMiddleware[0]
      Executing endpoint 'gRPC - /UnityILPP.PostProcessing/Ping'
info: Microsoft.AspNetCore.Routing.EndpointMiddleware[1]
      Executed endpoint 'gRPC - /UnityILPP.PostProcessing/Ping'
info: Microsoft.AspNetCore.Hosting.Diagnostics[2]
      Request finished HTTP/2 POST http://ilpp/UnityILPP.PostProcessing/Ping application/grpc - - 200 - application/grpc 30.7935ms
Starting: C:\Program Files\Unity\Hub\Editor\6000.3.8f1\Editor\Data\Tools\BuildPipeline\bee_backend.exe --ipc --defer-dag-verification --dagfile="Library/Bee/1300b0aE.dag" --continue-on-failure --profile="Library/Bee/backend1.traceevents" ScriptAssemblies
WorkingDir: C:/Users/licen/Projects/theraply-vr-framework/unity-quest-template
Starting: C:\Program Files\Unity\Hub\Editor\6000.3.8f1\Editor\Data\netcorerun\netcorerun.exe "C:\Program Files\Unity\Hub\Editor\6000.3.8f1\Editor\Data\Tools\BuildPipeline\ScriptCompilationBuildProgram.exe" "Library/Bee/1300b0aE.dag.json" "Library/Bee/1300b0aE-inputdata.json" "Library\Bee\buildprogram0.traceevents"
WorkingDir: C:/Users/licen/Projects/theraply-vr-framework/unity-quest-template
ExitCode: 4 Duration: 0s149ms
Rebuilding DAG because FileSignature timestamp changed: Library/Bee/1300b0aE-inputdata.json
*** Tundra requires additional run (0.12 seconds), 0 items updated, 862 evaluated
ExitCode: 0 Duration: 0s366ms
Starting: C:\Program Files\Unity\Hub\Editor\6000.3.8f1\Editor\Data\Tools\BuildPipeline\bee_backend.exe --ipc --defer-dag-verification --dagfile="Library/Bee/1300b0aE.dag" --continue-on-failure --dagfilejson="Library\Bee\1300b0aE.dag.json" --profile="Library/Bee/backend2.traceevents" ScriptAssemblies
WorkingDir: C:/Users/licen/Projects/theraply-vr-framework/unity-quest-template
ExitCode: 0 Duration: 0s162ms
Finished compiling graph: 865 nodes, 16485 flattened edges (14821 ToBuild, 172 ToUse), maximum node priority 822
*** Tundra build success (0.14 seconds), 0 items updated, 862 evaluated
AssetDatabase: script compilation time: 1.011943s
Begin MonoManager ReloadAssembly
- Loaded All Assemblies, in  0.594 seconds
Script 'CharacterController' has the same name as built-in Unity component.
AddComponent and GetComponent will not work with this script.
'Packages/com.meta.xr.sdk.core/Editor/BuildingBlocks/BlocksWindowDetailsExtension.cs' contains partial class of Unity.Object, exactly 1 of the partial classes needs to be in a file with the same filename. This is to know the one that can be referenced from ie. GameObjects
'Packages/com.meta.xr.sdk.core/Editor/BuildingBlocks/BlocksWindow.cs' contains partial class of Unity.Object, exactly 1 of the partial classes needs to be in a file with the same filename. This is to know the one that can be referenced from ie. GameObjects
'Packages/com.meta.xr.sdk.core/Editor/BuildingBlocks/BlocksWindowCollectionsPageExtension.cs' contains partial class of Unity.Object, exactly 1 of the partial classes needs to be in a file with the same filename. This is to know the one that can be referenced from ie. GameObjects
Refreshing native plugins compatible for Editor in 8.64 ms, found 9 plugins.
Native extension for Android target not found
Native extension for WindowsStandalone target not found
Refreshing native plugins compatible for Editor in 8.52 ms, found 9 plugins.
* daemon not running; starting now at tcp:5037
* daemon started successfully
ScheduleIndexationOnStartup MainProcess:True IndexOnStartup:True
Mono: successfully reloaded assembly
- Finished resetting the current domain, in  6.366 seconds
Domain Reload Profiling: 6956ms
	BeginReloadAssembly (250ms)
		ExecutionOrderSort (0ms)
		DisableScriptedObjects (15ms)
		BackupInstance (0ms)
		ReleaseScriptingObjects (0ms)
		CreateAndSetChildDomain (148ms)
	RebuildCommonClasses (30ms)
	RebuildNativeTypeToScriptingClass (10ms)
	initialDomainReloadingComplete (22ms)
	LoadAllAssembliesAndSetupDomain (278ms)
		LoadAssemblies (219ms)
		RebuildTransferFunctionScriptingTraits (0ms)
		AnalyzeDomain (118ms)
			TypeCache.Refresh (79ms)
				TypeCache.ScanAssembly (69ms)
			BuildScriptInfoCaches (28ms)
			ResolveRequiredComponents (8ms)
	FinalizeReload (6367ms)
		ReleaseScriptCaches (0ms)
		RebuildScriptCaches (0ms)
		SetupLoadedEditorAssemblies (6100ms)
			LogAssemblyErrors (0ms)
			InitializePlatformSupportModulesInManaged (35ms)
			SetLoadedEditorAssemblies (4ms)
			BeforeProcessingInitializeOnLoad (137ms)
			ProcessInitializeOnLoadAttributes (5867ms)
			ProcessInitializeOnLoadMethodAttributes (53ms)
			AfterProcessingInitializeOnLoad (5ms)
			EditorAssembliesLoaded (0ms)
		ExecutionOrderSort2 (0ms)
		AwakeInstancesAfterBackupRestoration (6ms)
Asset Pipeline Refresh (id=c86cf563d9e996a40a6a80eebdd89df8): Total: 8.898 seconds - Initiated by InitialRefreshV2(ForceSynchronousImport)
	Summary:
		Imports: total=0 (actual=0, local cache=0, cache server=0)
		Asset DB Process Time: managed=0 ms, native=6678 ms
		Asset DB Callback time: managed=551 ms, native=23 ms
		Scripting: domain reloads=1, domain reload time=594 ms, compile time=1014 ms, other=36 ms
		Project Asset Count: scripts=1419, non-scripts=2161
		Asset File Changes: new=0, changed=0, moved=0, deleted=0
		Scan Filter Count: 0
	InvokeCustomDependenciesCallbacks: 0.001ms
	InvokePackagesCallback: 24.383ms
	ApplyChangesToAssetFolders: 0.597ms
	Scan: 80.283ms
	OnSourceAssetsModified: 0.004ms
	CategorizeAssetsWithTransientArtifact: 23.652ms
	ProcessAssetsWithTransientArtifactChanges: 46.749ms
	CategorizeAssets: 29.831ms
	ImportOutOfDateAssets: 6392.100ms (5375.823ms without children)
		CompileScripts: 1014.203ms
		ReloadNativeAssets: 0.005ms
		UnloadImportedAssets: 1.215ms
		EnsureUptoDateAssetsAreRegisteredWithGuidPM: 0.495ms
		InitializingProgressBar: 0.000ms
		PostProcessAllAssetNotificationsAddChangedAssets: 0.001ms
		OnDemandSchedulerStart: 0.359ms
	PostProcessAllAssets: 551.549ms
	GatherAllCurrentPrimaryArtifactRevisions: 0.003ms
	UnloadStreamsBegin: 2.337ms
	PersistCurrentRevisions: 0.097ms
	UnloadStreamsEnd: 0.001ms
	GenerateScriptTypeHashes: 7.192ms
	Untracked: 1746.762ms

Application.AssetDatabase Initial Refresh End
Launched and connected shader compiler UnityShaderCompiler.exe after 0.01 seconds
Scanning for USB devices : 5.351ms
Initializing Unity extensions:
[MODES] ModeService[none].Initialize
[MODES] ModeService[none].LoadModes
[MODES] Loading mode Default (0) for mode-current-id-unity-quest-template
Unloading 172 Unused Serialized files (Serialized files now loaded: 0)
Unloading 3248 unused Assets / (2.4 MB). Loaded Objects now: 5140.
Memory consumption went from 279.6 MB to 277.2 MB.
Total: 12.716300 ms (FindLiveObjects: 0.408300 ms CreateObjectMapping: 0.186700 ms MarkObjects: 10.377800 ms  DeleteObjects: 1.742900 ms)

[LAYOUT] About to load UserSettings\Layouts\default-6000.dwlt, keepMainWindow=False
[LAYOUT] About to save layout C:\Users\licen\Projects\theraply-vr-framework\unity-quest-template\UserSettings\Layouts\default-6000.dwlt
[LAYOUT] About to save layout C:/Users/licen/AppData/Roaming/Unity/Editor-5.x/Preferences\Layouts\current\default-6000.dwlt
[MODES] ModeService[default].InitializeCurrentMode
[MODES] ModeService[default].RaiseModeChanged(default, default)
Launching Unity Hub...
<color=gray>14:36:14.056</color> <color=white>[INFO]</color> [GameCommandBus] Command journal enabled at C:/Users/licen/AppData/LocalLow/DefaultCompany/unity-quest-template\critical_end_session_ack_validation_20260222133614037\critical_commands.ndjson
UnityEngine.Debug:ExtractStackTraceNoAlloc (byte*,int,string)
UnityEngine.StackTraceUtility:ExtractStackTrace ()
UnityEngine.DebugLogHandler:Internal_Log (UnityEngine.LogType,UnityEngine.LogOption,string,UnityEngine.Object)
UnityEngine.DebugLogHandler:LogFormat (UnityEngine.LogType,UnityEngine.Object,string,object[])
UnityEngine.Logger:Log (UnityEngine.LogType,object)
UnityEngine.Debug:Log (object)
TheraplyCore.Logging.Logger:OutputToConsole (string,string,System.Exception,TheraplyCore.Logging.LogLevel) (at Assets/_TheraplyCore/Logging/Logger.cs:178)
TheraplyCore.Logging.Logger:Log (TheraplyCore.Logging.LogLevel,string,string,System.Exception) (at Assets/_TheraplyCore/Logging/Logger.cs:142)
TheraplyCore.Logging.Logger:Info (string) (at Assets/_TheraplyCore/Logging/Logger.cs:110)
TheraplyCore.Games.Runtime.GameCommandBus:InitializeCommandJournal () (at Assets/_TheraplyCore/Games/Runtime/GameCommandBus.cs:339)
TheraplyCore.Games.Runtime.GameCommandBus:Awake () (at Assets/_TheraplyCore/Games/Runtime/GameCommandBus.cs:58)
System.Reflection.RuntimeMethodInfo:Invoke (object,System.Reflection.BindingFlags,System.Reflection.Binder,object[],System.Globalization.CultureInfo)
System.Reflection.MethodBase:Invoke (object,object[])
TheraplyCore.Editor.Automation.CriticalEndSessionAckTransportValidation:InvokeNonPublic (object,string,object[]) (at Assets/_TheraplyCore/Editor/Automation/CriticalEndSessionAckTransportValidation.cs:622)
TheraplyCore.Editor.Automation.CriticalEndSessionAckTransportValidation:CreateConfiguredCommandBus (UnityEngine.GameObject,TheraplyCore.Network.Connection.TCPServerService,TheraplyCore.Games.Runtime.GameSessionContext,string) (at Assets/_TheraplyCore/Editor/Automation/CriticalEndSessionAckTransportValidation.cs:412)
TheraplyCore.Editor.Automation.CriticalEndSessionAckTransportValidation/<ExecuteValidationAsync>d__3:MoveNext () (at Assets/_TheraplyCore/Editor/Automation/CriticalEndSessionAckTransportValidation.cs:111)
System.Runtime.CompilerServices.AsyncTaskMethodBuilder`1<string>:Start<TheraplyCore.Editor.Automation.CriticalEndSessionAckTransportValidation/<ExecuteValidationAsync>d__3> (TheraplyCore.Editor.Automation.CriticalEndSessionAckTransportValidation/<ExecuteValidationAsync>d__3&)
TheraplyCore.Editor.Automation.CriticalEndSessionAckTransportValidation:ExecuteValidationAsync ()
TheraplyCore.Editor.Automation.CriticalEndSessionAckTransportValidation:RunCriticalEndSessionAckTransportValidation () (at Assets/_TheraplyCore/Editor/Automation/CriticalEndSessionAckTransportValidation.cs:30)

(Filename: Assets/_TheraplyCore/Logging/Logger.cs Line: 110)

<RI> Initializing input.
Using Windows.Gaming.Input
[Project] Loading completed in 23.157 seconds
	Project init time: 				11.405 seconds
		Template init time: 		0.000 seconds
		Package Manager init time: 		0.892 seconds
		Asset Database init time: 		0.128 seconds
		Global illumination init time: 	0.002 seconds
		Assemblies load time: 			0.725 seconds
		Unity extensions init time: 	0.004 seconds
		Asset Database refresh time: 	8.898 seconds
	Scene opening time: 			11.622 seconds
##utp:{"type":"ProjectInfo","version":2,"phase":"Immediate","time":1771767374122,"processId":17620,"projectLoad":23.1574736,"projectInit":11.4049306,"templateInit":0.0,"packageManagerInit":0.891783,"assetDatabaseInit":0.1284544,"globalIlluminationInit":0.0017782,"assembliesLoad":0.7253188,"unityExtensionsInit":0.0043522,"assetDatabaseRefresh":8.8984606,"sceneOpening":11.6222404}
##utp:{"type":"EditorInfo","version":2,"phase":"Immediate","time":1771767374122,"processId":17620,"editorVersion":"6000.3.8f1 (1c7db571dde0)","branch":"6000.3/staging","buildType":"Release","platform":"Windows"}
Asset Pipeline Refresh (id=4b1d3b59e8a98034082f4773e83cb3cb): Total: 0.016 seconds - Initiated by RefreshV2(AllowForceSynchronousImport)
Asset Pipeline Refresh (id=05f26fe79cabe9949b703f72001cfc37): Total: 0.020 seconds - Initiated by RefreshV2(NoUpdateAssetOptions)
Shader 'Oculus/OVRMRCameraFrameLit': fallback shader 'Alpha-Diffuse' not found
Start importing Assets/XR/Settings/OpenXR Package Settings.asset using Guid(87284c9047716cd4780e46fdee439bdc) (NativeFormatImporter) -> (artifact id: 'b692c62e88e74486e28ea81563e31431') in 0.0085951 seconds
Refreshing native plugins compatible for Editor in 8.67 ms, found 9 plugins.
Preloading 1 native plugins for Editor in 0.07 ms.
Asset Pipeline Refresh (id=e121419617ffbd041adc571d28928361): Total: 0.091 seconds - Initiated by StopAssetImportingV2(NoUpdateAssetOptions)
Start importing Assets/XR/Settings/OpenXR Package Settings.asset using Guid(87284c9047716cd4780e46fdee439bdc) (NativeFormatImporter) -> (artifact id: 'b692c62e88e74486e28ea81563e31431') in 0.0018241 seconds
Refreshing native plugins compatible for Editor in 8.17 ms, found 9 plugins.
Preloading 1 native plugins for Editor in 0.07 ms.
Asset Pipeline Refresh (id=a574ef5af90a2854db8ee6fc044fb752): Total: 0.026 seconds - Initiated by StopAssetImportingV2(NoUpdateAssetOptions)
[Licensing::Client] Successfully resolved entitlement details
Start Indexing on Editor startup
[Indexing] Starting Initial Indexing for Assets
<color=gray>14:36:15.568</color> <color=white>[INFO]</color> [SessionContext] Session created: session-a-5727d5c23cb64622b0e40e60a7778381 (patient=validation_patient, therapist=validation_therapist, state=CREATED)
UnityEngine.Debug:ExtractStackTraceNoAlloc (byte*,int,string)
UnityEngine.StackTraceUtility:ExtractStackTrace ()
UnityEngine.DebugLogHandler:Internal_Log (UnityEngine.LogType,UnityEngine.LogOption,string,UnityEngine.Object)
UnityEngine.DebugLogHandler:LogFormat (UnityEngine.LogType,UnityEngine.Object,string,object[])
UnityEngine.Logger:Log (UnityEngine.LogType,object)
UnityEngine.Debug:Log (object)
TheraplyCore.Logging.Logger:OutputToConsole (string,string,System.Exception,TheraplyCore.Logging.LogLevel) (at Assets/_TheraplyCore/Logging/Logger.cs:178)
TheraplyCore.Logging.Logger:Log (TheraplyCore.Logging.LogLevel,string,string,System.Exception) (at Assets/_TheraplyCore/Logging/Logger.cs:142)
TheraplyCore.Logging.Logger:Info (string) (at Assets/_TheraplyCore/Logging/Logger.cs:110)
TheraplyCore.Games.Runtime.GameSessionContext:BeginSession (string,string,string) (at Assets/_TheraplyCore/Games/Runtime/GameSessionContext.cs:72)
TheraplyCore.Editor.Automation.CriticalEndSessionAckTransportValidation/<ExecuteValidationAsync>d__3:MoveNext () (at Assets/_TheraplyCore/Editor/Automation/CriticalEndSessionAckTransportValidation.cs:122)
System.Runtime.CompilerServices.AsyncMethodBuilderCore/MoveNextRunner:InvokeMoveNext (object)
System.Threading.ExecutionContext:RunInternal (System.Threading.ExecutionContext,System.Threading.ContextCallback,object,bool)
System.Threading.ExecutionContext:Run (System.Threading.ExecutionContext,System.Threading.ContextCallback,object,bool)
System.Runtime.CompilerServices.AsyncMethodBuilderCore/MoveNextRunner:Run ()
System.Threading.Tasks.AwaitTaskContinuation:InvokeAction (object)
System.Threading.Tasks.AwaitTaskContinuation:RunCallback (System.Threading.ContextCallback,object,System.Threading.Tasks.Task&)
System.Threading.Tasks.SynchronizationContextAwaitTaskContinuation:Run (System.Threading.Tasks.Task,bool)
System.Threading.Tasks.Task:FinishContinuations ()
System.Threading.Tasks.Task:FinishStageThree ()
System.Threading.Tasks.Task`1<System.Threading.Tasks.VoidTaskResult>:TrySetResult (System.Threading.Tasks.VoidTaskResult)
System.Runtime.CompilerServices.AsyncTaskMethodBuilder`1<System.Threading.Tasks.VoidTaskResult>:SetResult (System.Threading.Tasks.VoidTaskResult)
System.Runtime.CompilerServices.AsyncTaskMethodBuilder`1<System.Threading.Tasks.VoidTaskResult>:SetResult (System.Threading.Tasks.Task`1<System.Threading.Tasks.VoidTaskResult>)
System.Runtime.CompilerServices.AsyncTaskMethodBuilder:SetResult ()
TheraplyCore.Editor.Automation.CriticalEndSessionAckTransportValidation/<WaitForConditionAsync>d__4:MoveNext () (at Assets/_TheraplyCore/Editor/Automation/CriticalEndSessionAckTransportValidation.cs:254)
System.Runtime.CompilerServices.AsyncMethodBuilderCore/MoveNextRunner:InvokeMoveNext (object)
System.Threading.ExecutionContext:RunInternal (System.Threading.ExecutionContext,System.Threading.ContextCallback,object,bool)
System.Threading.ExecutionContext:Run (System.Threading.ExecutionContext,System.Threading.ContextCallback,object,bool)
System.Runtime.CompilerServices.AsyncMethodBuilderCore/MoveNextRunner:Run ()
System.Threading.Tasks.SynchronizationContextAwaitTaskContinuation/<>c:<.cctor>b__7_0 (object)
UnityEngine.UnitySynchronizationContext/WorkRequest:Invoke ()
UnityEngine.UnitySynchronizationContext:Exec ()
UnityEngine.UnitySynchronizationContext:ExecuteTasks ()

(Filename: Assets/_TheraplyCore/Logging/Logger.cs Line: 110)

<color=gray>14:36:15.583</color> <color=white>[INFO]</color> [GameRuntime] END_SESSION received: session=session-a-5727d5c23cb64622b0e40e60a7778381, state=CREATED, activeGame=, reason=THERAPIST_END
UnityEngine.Debug:ExtractStackTraceNoAlloc (byte*,int,string)
UnityEngine.StackTraceUtility:ExtractStackTrace ()
UnityEngine.DebugLogHandler:Internal_Log (UnityEngine.LogType,UnityEngine.LogOption,string,UnityEngine.Object)
UnityEngine.DebugLogHandler:LogFormat (UnityEngine.LogType,UnityEngine.Object,string,object[])
UnityEngine.Logger:Log (UnityEngine.LogType,object)
UnityEngine.Debug:Log (object)
TheraplyCore.Logging.Logger:OutputToConsole (string,string,System.Exception,TheraplyCore.Logging.LogLevel) (at Assets/_TheraplyCore/Logging/Logger.cs:178)
TheraplyCore.Logging.Logger:Log (TheraplyCore.Logging.LogLevel,string,string,System.Exception) (at Assets/_TheraplyCore/Logging/Logger.cs:142)
TheraplyCore.Logging.Logger:Info (string) (at Assets/_TheraplyCore/Logging/Logger.cs:110)
TheraplyCore.Games.Runtime.GameRuntimeService:HandleEndSessionCommand (TheraplyCore.Games.Contracts.EndSessionCommand) (at Assets/_TheraplyCore/Games/Runtime/GameRuntimeService.cs:661)
System.Reflection.RuntimeMethodInfo:Invoke (object,System.Reflection.BindingFlags,System.Reflection.Binder,object[],System.Globalization.CultureInfo)
System.Reflection.MethodBase:Invoke (object,object[])
System.Delegate:DynamicInvokeImpl (object[])
System.MulticastDelegate:DynamicInvokeImpl (object[])
System.Delegate:DynamicInvoke (object[])
TheraplyCore.Games.Runtime.GameCommandBus:HandleIncomingMessage (TheraplyCore.Network.Connection.NetworkMessage) (at Assets/_TheraplyCore/Games/Runtime/GameCommandBus.cs:264)
System.Reflection.RuntimeMethodInfo:Invoke (object,System.Reflection.BindingFlags,System.Reflection.Binder,object[],System.Globalization.CultureInfo)
System.Reflection.MethodBase:Invoke (object,object[])
TheraplyCore.Editor.Automation.CriticalEndSessionAckTransportValidation:InvokeNonPublic (object,string,object[]) (at Assets/_TheraplyCore/Editor/Automation/CriticalEndSessionAckTransportValidation.cs:622)
TheraplyCore.Editor.Automation.CriticalEndSessionAckTransportValidation:DispatchMessage (TheraplyCore.Games.Runtime.GameCommandBus,TheraplyCore.Network.Connection.NetworkMessage) (at Assets/_TheraplyCore/Editor/Automation/CriticalEndSessionAckTransportValidation.cs:451)
TheraplyCore.Editor.Automation.CriticalEndSessionAckTransportValidation/<ExecuteValidationAsync>d__3:MoveNext () (at Assets/_TheraplyCore/Editor/Automation/CriticalEndSessionAckTransportValidation.cs:130)
System.Runtime.CompilerServices.AsyncMethodBuilderCore/MoveNextRunner:InvokeMoveNext (object)
System.Threading.ExecutionContext:RunInternal (System.Threading.ExecutionContext,System.Threading.ContextCallback,object,bool)
System.Threading.ExecutionContext:Run (System.Threading.ExecutionContext,System.Threading.ContextCallback,object,bool)
System.Runtime.CompilerServices.AsyncMethodBuilderCore/MoveNextRunner:Run ()
System.Threading.Tasks.AwaitTaskContinuation:InvokeAction (object)
System.Threading.Tasks.AwaitTaskContinuation:RunCallback (System.Threading.ContextCallback,object,System.Threading.Tasks.Task&)
System.Threading.Tasks.SynchronizationContextAwaitTaskContinuation:Run (System.Threading.Tasks.Task,bool)
System.Threading.Tasks.Task:FinishContinuations ()
System.Threading.Tasks.Task:FinishStageThree ()
System.Threading.Tasks.Task`1<System.Threading.Tasks.VoidTaskResult>:TrySetResult (System.Threading.Tasks.VoidTaskResult)
System.Runtime.CompilerServices.AsyncTaskMethodBuilder`1<System.Threading.Tasks.VoidTaskResult>:SetResult (System.Threading.Tasks.VoidTaskResult)
System.Runtime.CompilerServices.AsyncTaskMethodBuilder`1<System.Threading.Tasks.VoidTaskResult>:SetResult (System.Threading.Tasks.Task`1<System.Threading.Tasks.VoidTaskResult>)
System.Runtime.CompilerServices.AsyncTaskMethodBuilder:SetResult ()
TheraplyCore.Editor.Automation.CriticalEndSessionAckTransportValidation/<WaitForConditionAsync>d__4:MoveNext () (at Assets/_TheraplyCore/Editor/Automation/CriticalEndSessionAckTransportValidation.cs:254)
System.Runtime.CompilerServices.AsyncMethodBuilderCore/MoveNextRunner:InvokeMoveNext (object)
System.Threading.ExecutionContext:RunInternal (System.Threading.ExecutionContext,System.Threading.ContextCallback,object,bool)
System.Threading.ExecutionContext:Run (System.Threading.ExecutionContext,System.Threading.ContextCallback,object,bool)
System.Runtime.CompilerServices.AsyncMethodBuilderCore/MoveNextRunner:Run ()
System.Threading.Tasks.SynchronizationContextAwaitTaskContinuation/<>c:<.cctor>b__7_0 (object)
UnityEngine.UnitySynchronizationContext/WorkRequest:Invoke ()
UnityEngine.UnitySynchronizationContext:Exec ()
UnityEngine.UnitySynchronizationContext:ExecuteTasks ()

(Filename: Assets/_TheraplyCore/Logging/Logger.cs Line: 110)

<color=gray>14:36:15.585</color> <color=white>[INFO]</color> [SessionContext] State transition: CREATED -> ABORTED_BY_THERAPIST (session=session-a-5727d5c23cb64622b0e40e60a7778381, reason=END_SESSION)
UnityEngine.Debug:ExtractStackTraceNoAlloc (byte*,int,string)
UnityEngine.StackTraceUtility:ExtractStackTrace ()
UnityEngine.DebugLogHandler:Internal_Log (UnityEngine.LogType,UnityEngine.LogOption,string,UnityEngine.Object)
UnityEngine.DebugLogHandler:LogFormat (UnityEngine.LogType,UnityEngine.Object,string,object[])
UnityEngine.Logger:Log (UnityEngine.LogType,object)
UnityEngine.Debug:Log (object)
TheraplyCore.Logging.Logger:OutputToConsole (string,string,System.Exception,TheraplyCore.Logging.LogLevel) (at Assets/_TheraplyCore/Logging/Logger.cs:178)
TheraplyCore.Logging.Logger:Log (TheraplyCore.Logging.LogLevel,string,string,System.Exception) (at Assets/_TheraplyCore/Logging/Logger.cs:142)
TheraplyCore.Logging.Logger:Info (string) (at Assets/_TheraplyCore/Logging/Logger.cs:110)
TheraplyCore.Games.Runtime.GameSessionContext:TryTransitionTo (TheraplyCore.Games.Contracts.SessionLifecycleState,string) (at Assets/_TheraplyCore/Games/Runtime/GameSessionContext.cs:219)
TheraplyCore.Games.Runtime.GameRuntimeService:TryTransitionSessionState (TheraplyCore.Games.Contracts.SessionLifecycleState,string) (at Assets/_TheraplyCore/Games/Runtime/GameRuntimeService.cs:1251)
TheraplyCore.Games.Runtime.GameRuntimeService:HandleEndSessionCommand (TheraplyCore.Games.Contracts.EndSessionCommand) (at Assets/_TheraplyCore/Games/Runtime/GameRuntimeService.cs:673)
System.Reflection.RuntimeMethodInfo:Invoke (object,System.Reflection.BindingFlags,System.Reflection.Binder,object[],System.Globalization.CultureInfo)
System.Reflection.MethodBase:Invoke (object,object[])
System.Delegate:DynamicInvokeImpl (object[])
System.MulticastDelegate:DynamicInvokeImpl (object[])
System.Delegate:DynamicInvoke (object[])
TheraplyCore.Games.Runtime.GameCommandBus:HandleIncomingMessage (TheraplyCore.Network.Connection.NetworkMessage) (at Assets/_TheraplyCore/Games/Runtime/GameCommandBus.cs:264)
System.Reflection.RuntimeMethodInfo:Invoke (object,System.Reflection.BindingFlags,System.Reflection.Binder,object[],System.Globalization.CultureInfo)
System.Reflection.MethodBase:Invoke (object,object[])
TheraplyCore.Editor.Automation.CriticalEndSessionAckTransportValidation:InvokeNonPublic (object,string,object[]) (at Assets/_TheraplyCore/Editor/Automation/CriticalEndSessionAckTransportValidation.cs:622)
TheraplyCore.Editor.Automation.CriticalEndSessionAckTransportValidation:DispatchMessage (TheraplyCore.Games.Runtime.GameCommandBus,TheraplyCore.Network.Connection.NetworkMessage) (at Assets/_TheraplyCore/Editor/Automation/CriticalEndSessionAckTransportValidation.cs:451)
TheraplyCore.Editor.Automation.CriticalEndSessionAckTransportValidation/<ExecuteValidationAsync>d__3:MoveNext () (at Assets/_TheraplyCore/Editor/Automation/CriticalEndSessionAckTransportValidation.cs:130)
System.Runtime.CompilerServices.AsyncMethodBuilderCore/MoveNextRunner:InvokeMoveNext (object)
System.Threading.ExecutionContext:RunInternal (System.Threading.ExecutionContext,System.Threading.ContextCallback,object,bool)
System.Threading.ExecutionContext:Run (System.Threading.ExecutionContext,System.Threading.ContextCallback,object,bool)
System.Runtime.CompilerServices.AsyncMethodBuilderCore/MoveNextRunner:Run ()
System.Threading.Tasks.AwaitTaskContinuation:InvokeAction (object)
System.Threading.Tasks.AwaitTaskContinuation:RunCallback (System.Threading.ContextCallback,object,System.Threading.Tasks.Task&)
System.Threading.Tasks.SynchronizationContextAwaitTaskContinuation:Run (System.Threading.Tasks.Task,bool)
System.Threading.Tasks.Task:FinishContinuations ()
System.Threading.Tasks.Task:FinishStageThree ()
System.Threading.Tasks.Task`1<System.Threading.Tasks.VoidTaskResult>:TrySetResult (System.Threading.Tasks.VoidTaskResult)
System.Runtime.CompilerServices.AsyncTaskMethodBuilder`1<System.Threading.Tasks.VoidTaskResult>:SetResult (System.Threading.Tasks.VoidTaskResult)
System.Runtime.CompilerServices.AsyncTaskMethodBuilder`1<System.Threading.Tasks.VoidTaskResult>:SetResult (System.Threading.Tasks.Task`1<System.Threading.Tasks.VoidTaskResult>)
System.Runtime.CompilerServices.AsyncTaskMethodBuilder:SetResult ()
TheraplyCore.Editor.Automation.CriticalEndSessionAckTransportValidation/<WaitForConditionAsync>d__4:MoveNext () (at Assets/_TheraplyCore/Editor/Automation/CriticalEndSessionAckTransportValidation.cs:254)
System.Runtime.CompilerServices.AsyncMethodBuilderCore/MoveNextRunner:InvokeMoveNext (object)
System.Threading.ExecutionContext:RunInternal (System.Threading.ExecutionContext,System.Threading.ContextCallback,object,bool)
System.Threading.ExecutionContext:Run (System.Threading.ExecutionContext,System.Threading.ContextCallback,object,bool)
System.Runtime.CompilerServices.AsyncMethodBuilderCore/MoveNextRunner:Run ()
System.Threading.Tasks.SynchronizationContextAwaitTaskContinuation/<>c:<.cctor>b__7_0 (object)
UnityEngine.UnitySynchronizationContext/WorkRequest:Invoke ()
UnityEngine.UnitySynchronizationContext:Exec ()
UnityEngine.UnitySynchronizationContext:ExecuteTasks ()

(Filename: Assets/_TheraplyCore/Logging/Logger.cs Line: 110)

Request Asset Garbage Collect because used heap size increased from 277.2 MB to 0.53 GB, exceeding the threshold of 256.0 MB.
Unloading 7 Unused Serialized files (Serialized files now loaded: 0)
Created GICache directory at C:/Users/licen/AppData/LocalLow/Unity/Caches/GiCache. Took: 0.010s, timestamps: [23.484 - 23.494]
Unloading 104 unused Assets / (17.0 MB). Loaded Objects now: 6212.
Memory consumption went from 0.53 GB to 0.51 GB.
Total: 21.932800 ms (FindLiveObjects: 0.351900 ms CreateObjectMapping: 0.196300 ms MarkObjects: 18.422500 ms  DeleteObjects: 2.961200 ms)

<color=gray>14:36:16.342</color> <color=white>[INFO]</color> [SessionContext] Session created: session-b-eccfa2ff4d9e4d8395e96293d22edb8e (patient=validation_patient, therapist=validation_therapist, state=CREATED)
UnityEngine.Debug:ExtractStackTraceNoAlloc (byte*,int,string)
UnityEngine.StackTraceUtility:ExtractStackTrace ()
UnityEngine.DebugLogHandler:Internal_Log (UnityEngine.LogType,UnityEngine.LogOption,string,UnityEngine.Object)
UnityEngine.DebugLogHandler:LogFormat (UnityEngine.LogType,UnityEngine.Object,string,object[])
UnityEngine.Logger:Log (UnityEngine.LogType,object)
UnityEngine.Debug:Log (object)
TheraplyCore.Logging.Logger:OutputToConsole (string,string,System.Exception,TheraplyCore.Logging.LogLevel) (at Assets/_TheraplyCore/Logging/Logger.cs:178)
TheraplyCore.Logging.Logger:Log (TheraplyCore.Logging.LogLevel,string,string,System.Exception) (at Assets/_TheraplyCore/Logging/Logger.cs:142)
TheraplyCore.Logging.Logger:Info (string) (at Assets/_TheraplyCore/Logging/Logger.cs:110)
TheraplyCore.Games.Runtime.GameSessionContext:BeginSession (string,string,string) (at Assets/_TheraplyCore/Games/Runtime/GameSessionContext.cs:72)
TheraplyCore.Editor.Automation.CriticalEndSessionAckTransportValidation/<ExecuteValidationAsync>d__3:MoveNext () (at Assets/_TheraplyCore/Editor/Automation/CriticalEndSessionAckTransportValidation.cs:140)
System.Runtime.CompilerServices.AsyncMethodBuilderCore/MoveNextRunner:InvokeMoveNext (object)
System.Threading.ExecutionContext:RunInternal (System.Threading.ExecutionContext,System.Threading.ContextCallback,object,bool)
System.Threading.ExecutionContext:Run (System.Threading.ExecutionContext,System.Threading.ContextCallback,object,bool)
System.Runtime.CompilerServices.AsyncMethodBuilderCore/MoveNextRunner:Run ()
System.Threading.Tasks.AwaitTaskContinuation:InvokeAction (object)
System.Threading.Tasks.AwaitTaskContinuation:RunCallback (System.Threading.ContextCallback,object,System.Threading.Tasks.Task&)
System.Threading.Tasks.SynchronizationContextAwaitTaskContinuation:Run (System.Threading.Tasks.Task,bool)
System.Threading.Tasks.Task:FinishContinuations ()
System.Threading.Tasks.Task:FinishStageThree ()
System.Threading.Tasks.Task`1<TheraplyCore.Games.Contracts.CriticalCommandAckPayload>:TrySetResult (TheraplyCore.Games.Contracts.CriticalCommandAckPayload)
System.Runtime.CompilerServices.AsyncTaskMethodBuilder`1<TheraplyCore.Games.Contracts.CriticalCommandAckPayload>:SetResult (TheraplyCore.Games.Contracts.CriticalCommandAckPayload)
TheraplyCore.Editor.Automation.CriticalEndSessionAckTransportValidation/<ReadAckPayloadAsync>d__5:MoveNext () (at Assets/_TheraplyCore/Editor/Automation/CriticalEndSessionAckTransportValidation.cs:309)
System.Runtime.CompilerServices.AsyncMethodBuilderCore/MoveNextRunner:InvokeMoveNext (object)
System.Threading.ExecutionContext:RunInternal (System.Threading.ExecutionContext,System.Threading.ContextCallback,object,bool)
System.Threading.ExecutionContext:Run (System.Threading.ExecutionContext,System.Threading.ContextCallback,object,bool)
System.Runtime.CompilerServices.AsyncMethodBuilderCore/MoveNextRunner:Run ()
System.Threading.Tasks.AwaitTaskContinuation:InvokeAction (object)
System.Threading.Tasks.AwaitTaskContinuation:RunCallback (System.Threading.ContextCallback,object,System.Threading.Tasks.Task&)
System.Threading.Tasks.SynchronizationContextAwaitTaskContinuation:Run (System.Threading.Tasks.Task,bool)
System.Threading.Tasks.Task:FinishContinuations ()
System.Threading.Tasks.Task:FinishStageThree ()
System.Threading.Tasks.Task`1<TheraplyCore.Network.Connection.NetworkMessage>:TrySetResult (TheraplyCore.Network.Connection.NetworkMessage)
System.Runtime.CompilerServices.AsyncTaskMethodBuilder`1<TheraplyCore.Network.Connection.NetworkMessage>:SetResult (TheraplyCore.Network.Connection.NetworkMessage)
TheraplyCore.Editor.Automation.CriticalEndSessionAckTransportValidation/<ReadWireMessageAsync>d__6:MoveNext () (at Assets/_TheraplyCore/Editor/Automation/CriticalEndSessionAckTransportValidation.cs:342)
System.Runtime.CompilerServices.AsyncMethodBuilderCore/MoveNextRunner:InvokeMoveNext (object)
System.Threading.ExecutionContext:RunInternal (System.Threading.ExecutionContext,System.Threading.ContextCallback,object,bool)
System.Threading.ExecutionContext:Run (System.Threading.ExecutionContext,System.Threading.ContextCallback,object,bool)
System.Runtime.CompilerServices.AsyncMethodBuilderCore/MoveNextRunner:Run ()
System.Threading.Tasks.AwaitTaskContinuation:InvokeAction (object)
System.Threading.Tasks.AwaitTaskContinuation:RunCallback (System.Threading.ContextCallback,object,System.Threading.Tasks.Task&)
System.Threading.Tasks.SynchronizationContextAwaitTaskContinuation:Run (System.Threading.Tasks.Task,bool)
System.Threading.Tasks.Task:FinishContinuations ()
System.Threading.Tasks.Task:FinishStageThree ()
System.Threading.Tasks.Task`1<System.Threading.Tasks.VoidTaskResult>:TrySetResult (System.Threading.Tasks.VoidTaskResult)
System.Runtime.CompilerServices.AsyncTaskMethodBuilder`1<System.Threading.Tasks.VoidTaskResult>:SetResult (System.Threading.Tasks.VoidTaskResult)
System.Runtime.CompilerServices.AsyncTaskMethodBuilder`1<System.Threading.Tasks.VoidTaskResult>:SetResult (System.Threading.Tasks.Task`1<System.Threading.Tasks.VoidTaskResult>)
System.Runtime.CompilerServices.AsyncTaskMethodBuilder:SetResult ()
TheraplyCore.Editor.Automation.CriticalEndSessionAckTransportValidation/<ReadExactAsync>d__7:MoveNext () (at Assets/_TheraplyCore/Editor/Automation/CriticalEndSessionAckTransportValidation.cs:361)
System.Runtime.CompilerServices.AsyncMethodBuilderCore/MoveNextRunner:InvokeMoveNext (object)
System.Threading.ExecutionContext:RunInternal (System.Threading.ExecutionContext,System.Threading.ContextCallback,object,bool)
System.Threading.ExecutionContext:Run (System.Threading.ExecutionContext,System.Threading.ContextCallback,object,bool)
System.Runtime.CompilerServices.AsyncMethodBuilderCore/MoveNextRunner:Run ()
System.Threading.Tasks.SynchronizationContextAwaitTaskContinuation/<>c:<.cctor>b__7_0 (object)
UnityEngine.UnitySynchronizationContext/WorkRequest:Invoke ()
UnityEngine.UnitySynchronizationContext:Exec ()
UnityEngine.UnitySynchronizationContext:ExecuteTasks ()

(Filename: Assets/_TheraplyCore/Logging/Logger.cs Line: 110)

<color=gray>14:36:16.343</color> <color=yellow>[WARN]</color> [GameCommandBus] Rejecting critical command due ownership mismatch. command=END_SESSION, session=session-b-eccfa2ff4d9e4d8395e96293d22edb8e, activeOwner=validation_therapist|validation_patient, incomingOwner=intruder_therapist|validation_patient
UnityEngine.Debug:ExtractStackTraceNoAlloc (byte*,int,string)
UnityEngine.StackTraceUtility:ExtractStackTrace ()
UnityEngine.DebugLogHandler:Internal_Log (UnityEngine.LogType,UnityEngine.LogOption,string,UnityEngine.Object)
UnityEngine.DebugLogHandler:LogFormat (UnityEngine.LogType,UnityEngine.Object,string,object[])
UnityEngine.Logger:Log (UnityEngine.LogType,object)
UnityEngine.Debug:LogWarning (object)
TheraplyCore.Logging.Logger:OutputToConsole (string,string,System.Exception,TheraplyCore.Logging.LogLevel) (at Assets/_TheraplyCore/Logging/Logger.cs:174)
TheraplyCore.Logging.Logger:Log (TheraplyCore.Logging.LogLevel,string,string,System.Exception) (at Assets/_TheraplyCore/Logging/Logger.cs:142)
TheraplyCore.Logging.Logger:Warning (string) (at Assets/_TheraplyCore/Logging/Logger.cs:102)
TheraplyCore.Games.Runtime.GameCommandBus:ValidateOwnershipLock (string,string,string,string&) (at Assets/_TheraplyCore/Games/Runtime/GameCommandBus.cs:718)
TheraplyCore.Games.Runtime.GameCommandBus:ValidateSessionLock (string,string,string,string&) (at Assets/_TheraplyCore/Games/Runtime/GameCommandBus.cs:590)
TheraplyCore.Games.Runtime.GameCommandBus:ValidateCriticalEnvelope (TheraplyCore.Network.Connection.NetworkMessage,TheraplyCore.Games.Contracts.CriticalCommandEnvelope,string&) (at Assets/_TheraplyCore/Games/Runtime/GameCommandBus.cs:570)
TheraplyCore.Games.Runtime.GameCommandBus:TryResolvePayloadJson (TheraplyCore.Network.Connection.NetworkMessage,string&,string&,string&) (at Assets/_TheraplyCore/Games/Runtime/GameCommandBus.cs:478)
TheraplyCore.Games.Runtime.GameCommandBus:TryDeserializeCommand (System.Type,TheraplyCore.Network.Connection.NetworkMessage,object&,string&,string&) (at Assets/_TheraplyCore/Games/Runtime/GameCommandBus.cs:413)
TheraplyCore.Games.Runtime.GameCommandBus:HandleIncomingMessage (TheraplyCore.Network.Connection.NetworkMessage) (at Assets/_TheraplyCore/Games/Runtime/GameCommandBus.cs:228)
System.Reflection.RuntimeMethodInfo:Invoke (object,System.Reflection.BindingFlags,System.Reflection.Binder,object[],System.Globalization.CultureInfo)
System.Reflection.MethodBase:Invoke (object,object[])
TheraplyCore.Editor.Automation.CriticalEndSessionAckTransportValidation:InvokeNonPublic (object,string,object[]) (at Assets/_TheraplyCore/Editor/Automation/CriticalEndSessionAckTransportValidation.cs:622)
TheraplyCore.Editor.Automation.CriticalEndSessionAckTransportValidation:DispatchMessage (TheraplyCore.Games.Runtime.GameCommandBus,TheraplyCore.Network.Connection.NetworkMessage) (at Assets/_TheraplyCore/Editor/Automation/CriticalEndSessionAckTransportValidation.cs:451)
TheraplyCore.Editor.Automation.CriticalEndSessionAckTransportValidation/<ExecuteValidationAsync>d__3:MoveNext () (at Assets/_TheraplyCore/Editor/Automation/CriticalEndSessionAckTransportValidation.cs:148)
System.Runtime.CompilerServices.AsyncMethodBuilderCore/MoveNextRunner:InvokeMoveNext (object)
System.Threading.ExecutionContext:RunInternal (System.Threading.ExecutionContext,System.Threading.ContextCallback,object,bool)
System.Threading.ExecutionContext:Run (System.Threading.ExecutionContext,System.Threading.ContextCallback,object,bool)
System.Runtime.CompilerServices.AsyncMethodBuilderCore/MoveNextRunner:Run ()
System.Threading.Tasks.AwaitTaskContinuation:InvokeAction (object)
System.Threading.Tasks.AwaitTaskContinuation:RunCallback (System.Threading.ContextCallback,object,System.Threading.Tasks.Task&)
System.Threading.Tasks.SynchronizationContextAwaitTaskContinuation:Run (System.Threading.Tasks.Task,bool)
System.Threading.Tasks.Task:FinishContinuations ()
System.Threading.Tasks.Task:FinishStageThree ()
System.Threading.Tasks.Task`1<TheraplyCore.Games.Contracts.CriticalCommandAckPayload>:TrySetResult (TheraplyCore.Games.Contracts.CriticalCommandAckPayload)
System.Runtime.CompilerServices.AsyncTaskMethodBuilder`1<TheraplyCore.Games.Contracts.CriticalCommandAckPayload>:SetResult (TheraplyCore.Games.Contracts.CriticalCommandAckPayload)
TheraplyCore.Editor.Automation.CriticalEndSessionAckTransportValidation/<ReadAckPayloadAsync>d__5:MoveNext () (at Assets/_TheraplyCore/Editor/Automation/CriticalEndSessionAckTransportValidation.cs:309)
System.Runtime.CompilerServices.AsyncMethodBuilderCore/MoveNextRunner:InvokeMoveNext (object)
System.Threading.ExecutionContext:RunInternal (System.Threading.ExecutionContext,System.Threading.ContextCallback,object,bool)
System.Threading.ExecutionContext:Run (System.Threading.ExecutionContext,System.Threading.ContextCallback,object,bool)
System.Runtime.CompilerServices.AsyncMethodBuilderCore/MoveNextRunner:Run ()
System.Threading.Tasks.AwaitTaskContinuation:InvokeAction (object)
System.Threading.Tasks.AwaitTaskContinuation:RunCallback (System.Threading.ContextCallback,object,System.Threading.Tasks.Task&)
System.Threading.Tasks.SynchronizationContextAwaitTaskContinuation:Run (System.Threading.Tasks.Task,bool)
System.Threading.Tasks.Task:FinishContinuations ()
System.Threading.Tasks.Task:FinishStageThree ()
System.Threading.Tasks.Task`1<TheraplyCore.Network.Connection.NetworkMessage>:TrySetResult (TheraplyCore.Network.Connection.NetworkMessage)
System.Runtime.CompilerServices.AsyncTaskMethodBuilder`1<TheraplyCore.Network.Connection.NetworkMessage>:SetResult (TheraplyCore.Network.Connection.NetworkMessage)
TheraplyCore.Editor.Automation.CriticalEndSessionAckTransportValidation/<ReadWireMessageAsync>d__6:MoveNext () (at Assets/_TheraplyCore/Editor/Automation/CriticalEndSessionAckTransportValidation.cs:342)
System.Runtime.CompilerServices.AsyncMethodBuilderCore/MoveNextRunner:InvokeMoveNext (object)
System.Threading.ExecutionContext:RunInternal (System.Threading.ExecutionContext,System.Threading.ContextCallback,object,bool)
System.Threading.ExecutionContext:Run (System.Threading.ExecutionContext,System.Threading.ContextCallback,object,bool)
System.Runtime.CompilerServices.AsyncMethodBuilderCore/MoveNextRunner:Run ()
System.Threading.Tasks.AwaitTaskContinuation:InvokeAction (object)
System.Threading.Tasks.AwaitTaskContinuation:RunCallback (System.Threading.ContextCallback,object,System.Threading.Tasks.Task&)
System.Threading.Tasks.SynchronizationContextAwaitTaskContinuation:Run (System.Threading.Tasks.Task,bool)
System.Threading.Tasks.Task:FinishContinuations ()
System.Threading.Tasks.Task:FinishStageThree ()
System.Threading.Tasks.Task`1<System.Threading.Tasks.VoidTaskResult>:TrySetResult (System.Threading.Tasks.VoidTaskResult)
System.Runtime.CompilerServices.AsyncTaskMethodBuilder`1<System.Threading.Tasks.VoidTaskResult>:SetResult (System.Threading.Tasks.VoidTaskResult)
System.Runtime.CompilerServices.AsyncTaskMethodBuilder`1<System.Threading.Tasks.VoidTaskResult>:SetResult (System.Threading.Tasks.Task`1<System.Threading.Tasks.VoidTaskResult>)
System.Runtime.CompilerServices.AsyncTaskMethodBuilder:SetResult ()
TheraplyCore.Editor.Automation.CriticalEndSessionAckTransportValidation/<ReadExactAsync>d__7:MoveNext () (at Assets/_TheraplyCore/Editor/Automation/CriticalEndSessionAckTransportValidation.cs:361)
System.Runtime.CompilerServices.AsyncMethodBuilderCore/MoveNextRunner:InvokeMoveNext (object)
System.Threading.ExecutionContext:RunInternal (System.Threading.ExecutionContext,System.Threading.ContextCallback,object,bool)
System.Threading.ExecutionContext:Run (System.Threading.ExecutionContext,System.Threading.ContextCallback,object,bool)
System.Runtime.CompilerServices.AsyncMethodBuilderCore/MoveNextRunner:Run ()
System.Threading.Tasks.SynchronizationContextAwaitTaskContinuation/<>c:<.cctor>b__7_0 (object)
UnityEngine.UnitySynchronizationContext/WorkRequest:Invoke ()
UnityEngine.UnitySynchronizationContext:Exec ()
UnityEngine.UnitySynchronizationContext:ExecuteTasks ()

(Filename: Assets/_TheraplyCore/Logging/Logger.cs Line: 102)

[Project Setup Tool] There are 2 outstanding Recommended fixes.
For more information, go to <a href="OpenProjectSetupTool">Edit > Project Settings > Meta XR</a>
UnityEngine.Debug:ExtractStackTraceNoAlloc (byte*,int,string)
UnityEngine.StackTraceUtility:ExtractStackTrace ()
UnityEngine.DebugLogHandler:Internal_Log (UnityEngine.LogType,UnityEngine.LogOption,string,UnityEngine.Object)
UnityEngine.DebugLogHandler:LogFormat (UnityEngine.LogType,UnityEngine.Object,string,object[])
UnityEngine.Logger:Log (UnityEngine.LogType,object)
UnityEngine.Debug:LogWarning (object)
OVRConfigurationTaskUpdaterSummary:Log () (at ./Library/PackageCache/com.meta.xr.sdk.core@f8b4cfb2789f/Editor/OVRProjectSetup/Tasks/Processors/OVRConfigurationTaskUpdaterSummary.cs:225)
OVRConfigurationTaskUpdater:Complete () (at ./Library/PackageCache/com.meta.xr.sdk.core@f8b4cfb2789f/Editor/OVRProjectSetup/Tasks/Processors/OVRConfigurationTaskUpdater.cs:120)
OVRConfigurationTaskProcessorQueue:Dequeue (OVRConfigurationTaskProcessor) (at ./Library/PackageCache/com.meta.xr.sdk.core@f8b4cfb2789f/Editor/OVRProjectSetup/Tasks/Processors/OVRConfigurationTaskProcessorQueue.cs:115)
OVRConfigurationTaskProcessorQueue:Update () (at ./Library/PackageCache/com.meta.xr.sdk.core@f8b4cfb2789f/Editor/OVRProjectSetup/Tasks/Processors/OVRConfigurationTaskProcessorQueue.cs:136)
UnityEditor.EditorApplication:Internal_CallUpdateFunctions ()

(Filename: ./Library/PackageCache/com.meta.xr.sdk.core@f8b4cfb2789f/Editor/OVRProjectSetup/Tasks/Processors/OVRConfigurationTaskUpdaterSummary.cs Line: 225)

<color=gray>14:36:16.410</color> <color=white>[INFO]</color> [CommandJournal] Loaded 4 historical records.
UnityEngine.Debug:ExtractStackTraceNoAlloc (byte*,int,string)
UnityEngine.StackTraceUtility:ExtractStackTrace ()
UnityEngine.DebugLogHandler:Internal_Log (UnityEngine.LogType,UnityEngine.LogOption,string,UnityEngine.Object)
UnityEngine.DebugLogHandler:LogFormat (UnityEngine.LogType,UnityEngine.Object,string,object[])
UnityEngine.Logger:Log (UnityEngine.LogType,object)
UnityEngine.Debug:Log (object)
TheraplyCore.Logging.Logger:OutputToConsole (string,string,System.Exception,TheraplyCore.Logging.LogLevel) (at Assets/_TheraplyCore/Logging/Logger.cs:178)
TheraplyCore.Logging.Logger:Log (TheraplyCore.Logging.LogLevel,string,string,System.Exception) (at Assets/_TheraplyCore/Logging/Logger.cs:142)
TheraplyCore.Logging.Logger:Info (string) (at Assets/_TheraplyCore/Logging/Logger.cs:110)
TheraplyCore.Games.Runtime.CommandJournal:LoadExistingJournal () (at Assets/_TheraplyCore/Games/Runtime/CommandJournal.cs:295)
TheraplyCore.Games.Runtime.CommandJournal:.ctor (string,int,int,bool) (at Assets/_TheraplyCore/Games/Runtime/CommandJournal.cs:95)
TheraplyCore.Games.Runtime.GameCommandBus:InitializeCommandJournal () (at Assets/_TheraplyCore/Games/Runtime/GameCommandBus.cs:330)
TheraplyCore.Games.Runtime.GameCommandBus:Awake () (at Assets/_TheraplyCore/Games/Runtime/GameCommandBus.cs:58)
System.Reflection.RuntimeMethodInfo:Invoke (object,System.Reflection.BindingFlags,System.Reflection.Binder,object[],System.Globalization.CultureInfo)
System.Reflection.MethodBase:Invoke (object,object[])
TheraplyCore.Editor.Automation.CriticalEndSessionAckTransportValidation:InvokeNonPublic (object,string,object[]) (at Assets/_TheraplyCore/Editor/Automation/CriticalEndSessionAckTransportValidation.cs:622)
TheraplyCore.Editor.Automation.CriticalEndSessionAckTransportValidation:CreateConfiguredCommandBus (UnityEngine.GameObject,TheraplyCore.Network.Connection.TCPServerService,TheraplyCore.Games.Runtime.GameSessionContext,string) (at Assets/_TheraplyCore/Editor/Automation/CriticalEndSessionAckTransportValidation.cs:412)
TheraplyCore.Editor.Automation.CriticalEndSessionAckTransportValidation/<ExecuteValidationAsync>d__3:MoveNext () (at Assets/_TheraplyCore/Editor/Automation/CriticalEndSessionAckTransportValidation.cs:159)
System.Runtime.CompilerServices.AsyncMethodBuilderCore/MoveNextRunner:InvokeMoveNext (object)
System.Threading.ExecutionContext:RunInternal (System.Threading.ExecutionContext,System.Threading.ContextCallback,object,bool)
System.Threading.ExecutionContext:Run (System.Threading.ExecutionContext,System.Threading.ContextCallback,object,bool)
System.Runtime.CompilerServices.AsyncMethodBuilderCore/MoveNextRunner:Run ()
System.Threading.Tasks.AwaitTaskContinuation:InvokeAction (object)
System.Threading.Tasks.AwaitTaskContinuation:RunCallback (System.Threading.ContextCallback,object,System.Threading.Tasks.Task&)
System.Threading.Tasks.SynchronizationContextAwaitTaskContinuation:Run (System.Threading.Tasks.Task,bool)
System.Threading.Tasks.Task:FinishContinuations ()
System.Threading.Tasks.Task:FinishStageThree ()
System.Threading.Tasks.Task`1<TheraplyCore.Games.Contracts.CriticalCommandAckPayload>:TrySetResult (TheraplyCore.Games.Contracts.CriticalCommandAckPayload)
System.Runtime.CompilerServices.AsyncTaskMethodBuilder`1<TheraplyCore.Games.Contracts.CriticalCommandAckPayload>:SetResult (TheraplyCore.Games.Contracts.CriticalCommandAckPayload)
TheraplyCore.Editor.Automation.CriticalEndSessionAckTransportValidation/<ReadAckPayloadAsync>d__5:MoveNext () (at Assets/_TheraplyCore/Editor/Automation/CriticalEndSessionAckTransportValidation.cs:309)
System.Runtime.CompilerServices.AsyncMethodBuilderCore/MoveNextRunner:InvokeMoveNext (object)
System.Threading.ExecutionContext:RunInternal (System.Threading.ExecutionContext,System.Threading.ContextCallback,object,bool)
System.Threading.ExecutionContext:Run (System.Threading.ExecutionContext,System.Threading.ContextCallback,object,bool)
System.Runtime.CompilerServices.AsyncMethodBuilderCore/MoveNextRunner:Run ()
System.Threading.Tasks.AwaitTaskContinuation:InvokeAction (object)
System.Threading.Tasks.AwaitTaskContinuation:RunCallback (System.Threading.ContextCallback,object,System.Threading.Tasks.Task&)
System.Threading.Tasks.SynchronizationContextAwaitTaskContinuation:Run (System.Threading.Tasks.Task,bool)
System.Threading.Tasks.Task:FinishContinuations ()
System.Threading.Tasks.Task:FinishStageThree ()
System.Threading.Tasks.Task`1<TheraplyCore.Network.Connection.NetworkMessage>:TrySetResult (TheraplyCore.Network.Connection.NetworkMessage)
System.Runtime.CompilerServices.AsyncTaskMethodBuilder`1<TheraplyCore.Network.Connection.NetworkMessage>:SetResult (TheraplyCore.Network.Connection.NetworkMessage)
TheraplyCore.Editor.Automation.CriticalEndSessionAckTransportValidation/<ReadWireMessageAsync>d__6:MoveNext () (at Assets/_TheraplyCore/Editor/Automation/CriticalEndSessionAckTransportValidation.cs:342)
System.Runtime.CompilerServices.AsyncMethodBuilderCore/MoveNextRunner:InvokeMoveNext (object)
System.Threading.ExecutionContext:RunInternal (System.Threading.ExecutionContext,System.Threading.ContextCallback,object,bool)
System.Threading.ExecutionContext:Run (System.Threading.ExecutionContext,System.Threading.ContextCallback,object,bool)
System.Runtime.CompilerServices.AsyncMethodBuilderCore/MoveNextRunner:Run ()
System.Threading.Tasks.AwaitTaskContinuation:InvokeAction (object)
System.Threading.Tasks.AwaitTaskContinuation:RunCallback (System.Threading.ContextCallback,object,System.Threading.Tasks.Task&)
System.Threading.Tasks.SynchronizationContextAwaitTaskContinuation:Run (System.Threading.Tasks.Task,bool)
System.Threading.Tasks.Task:FinishContinuations ()
System.Threading.Tasks.Task:FinishStageThree ()
System.Threading.Tasks.Task`1<System.Threading.Tasks.VoidTaskResult>:TrySetResult (System.Threading.Tasks.VoidTaskResult)
System.Runtime.CompilerServices.AsyncTaskMethodBuilder`1<System.Threading.Tasks.VoidTaskResult>:SetResult (System.Threading.Tasks.VoidTaskResult)
System.Runtime.CompilerServices.AsyncTaskMethodBuilder`1<System.Threading.Tasks.VoidTaskResult>:SetResult (System.Threading.Tasks.Task`1<System.Threading.Tasks.VoidTaskResult>)
System.Runtime.CompilerServices.AsyncTaskMethodBuilder:SetResult ()
TheraplyCore.Editor.Automation.CriticalEndSessionAckTransportValidation/<ReadExactAsync>d__7:MoveNext () (at Assets/_TheraplyCore/Editor/Automation/CriticalEndSessionAckTransportValidation.cs:361)
System.Runtime.CompilerServices.AsyncMethodBuilderCore/MoveNextRunner:InvokeMoveNext (object)
System.Threading.ExecutionContext:RunInternal (System.Threading.ExecutionContext,System.Threading.ContextCallback,object,bool)
System.Threading.ExecutionContext:Run (System.Threading.ExecutionContext,System.Threading.ContextCallback,object,bool)
System.Runtime.CompilerServices.AsyncMethodBuilderCore/MoveNextRunner:Run ()
System.Threading.Tasks.SynchronizationContextAwaitTaskContinuation/<>c:<.cctor>b__7_0 (object)
UnityEngine.UnitySynchronizationContext/WorkRequest:Invoke ()
UnityEngine.UnitySynchronizationContext:Exec ()
UnityEngine.UnitySynchronizationContext:ExecuteTasks ()

(Filename: Assets/_TheraplyCore/Logging/Logger.cs Line: 110)

<color=gray>14:36:16.411</color> <color=white>[INFO]</color> [GameCommandBus] Command journal enabled at C:/Users/licen/AppData/LocalLow/DefaultCompany/unity-quest-template\critical_end_session_ack_validation_20260222133614037\critical_commands.ndjson
UnityEngine.Debug:ExtractStackTraceNoAlloc (byte*,int,string)
UnityEngine.StackTraceUtility:ExtractStackTrace ()
UnityEngine.DebugLogHandler:Internal_Log (UnityEngine.LogType,UnityEngine.LogOption,string,UnityEngine.Object)
UnityEngine.DebugLogHandler:LogFormat (UnityEngine.LogType,UnityEngine.Object,string,object[])
UnityEngine.Logger:Log (UnityEngine.LogType,object)
UnityEngine.Debug:Log (object)
TheraplyCore.Logging.Logger:OutputToConsole (string,string,System.Exception,TheraplyCore.Logging.LogLevel) (at Assets/_TheraplyCore/Logging/Logger.cs:178)
TheraplyCore.Logging.Logger:Log (TheraplyCore.Logging.LogLevel,string,string,System.Exception) (at Assets/_TheraplyCore/Logging/Logger.cs:142)
TheraplyCore.Logging.Logger:Info (string) (at Assets/_TheraplyCore/Logging/Logger.cs:110)
TheraplyCore.Games.Runtime.GameCommandBus:InitializeCommandJournal () (at Assets/_TheraplyCore/Games/Runtime/GameCommandBus.cs:339)
TheraplyCore.Games.Runtime.GameCommandBus:Awake () (at Assets/_TheraplyCore/Games/Runtime/GameCommandBus.cs:58)
System.Reflection.RuntimeMethodInfo:Invoke (object,System.Reflection.BindingFlags,System.Reflection.Binder,object[],System.Globalization.CultureInfo)
System.Reflection.MethodBase:Invoke (object,object[])
TheraplyCore.Editor.Automation.CriticalEndSessionAckTransportValidation:InvokeNonPublic (object,string,object[]) (at Assets/_TheraplyCore/Editor/Automation/CriticalEndSessionAckTransportValidation.cs:622)
TheraplyCore.Editor.Automation.CriticalEndSessionAckTransportValidation:CreateConfiguredCommandBus (UnityEngine.GameObject,TheraplyCore.Network.Connection.TCPServerService,TheraplyCore.Games.Runtime.GameSessionContext,string) (at Assets/_TheraplyCore/Editor/Automation/CriticalEndSessionAckTransportValidation.cs:412)
TheraplyCore.Editor.Automation.CriticalEndSessionAckTransportValidation/<ExecuteValidationAsync>d__3:MoveNext () (at Assets/_TheraplyCore/Editor/Automation/CriticalEndSessionAckTransportValidation.cs:159)
System.Runtime.CompilerServices.AsyncMethodBuilderCore/MoveNextRunner:InvokeMoveNext (object)
System.Threading.ExecutionContext:RunInternal (System.Threading.ExecutionContext,System.Threading.ContextCallback,object,bool)
System.Threading.ExecutionContext:Run (System.Threading.ExecutionContext,System.Threading.ContextCallback,object,bool)
System.Runtime.CompilerServices.AsyncMethodBuilderCore/MoveNextRunner:Run ()
System.Threading.Tasks.AwaitTaskContinuation:InvokeAction (object)
System.Threading.Tasks.AwaitTaskContinuation:RunCallback (System.Threading.ContextCallback,object,System.Threading.Tasks.Task&)
System.Threading.Tasks.SynchronizationContextAwaitTaskContinuation:Run (System.Threading.Tasks.Task,bool)
System.Threading.Tasks.Task:FinishContinuations ()
System.Threading.Tasks.Task:FinishStageThree ()
System.Threading.Tasks.Task`1<TheraplyCore.Games.Contracts.CriticalCommandAckPayload>:TrySetResult (TheraplyCore.Games.Contracts.CriticalCommandAckPayload)
System.Runtime.CompilerServices.AsyncTaskMethodBuilder`1<TheraplyCore.Games.Contracts.CriticalCommandAckPayload>:SetResult (TheraplyCore.Games.Contracts.CriticalCommandAckPayload)
TheraplyCore.Editor.Automation.CriticalEndSessionAckTransportValidation/<ReadAckPayloadAsync>d__5:MoveNext () (at Assets/_TheraplyCore/Editor/Automation/CriticalEndSessionAckTransportValidation.cs:309)
System.Runtime.CompilerServices.AsyncMethodBuilderCore/MoveNextRunner:InvokeMoveNext (object)
System.Threading.ExecutionContext:RunInternal (System.Threading.ExecutionContext,System.Threading.ContextCallback,object,bool)
System.Threading.ExecutionContext:Run (System.Threading.ExecutionContext,System.Threading.ContextCallback,object,bool)
System.Runtime.CompilerServices.AsyncMethodBuilderCore/MoveNextRunner:Run ()
System.Threading.Tasks.AwaitTaskContinuation:InvokeAction (object)
System.Threading.Tasks.AwaitTaskContinuation:RunCallback (System.Threading.ContextCallback,object,System.Threading.Tasks.Task&)
System.Threading.Tasks.SynchronizationContextAwaitTaskContinuation:Run (System.Threading.Tasks.Task,bool)
System.Threading.Tasks.Task:FinishContinuations ()
System.Threading.Tasks.Task:FinishStageThree ()
System.Threading.Tasks.Task`1<TheraplyCore.Network.Connection.NetworkMessage>:TrySetResult (TheraplyCore.Network.Connection.NetworkMessage)
System.Runtime.CompilerServices.AsyncTaskMethodBuilder`1<TheraplyCore.Network.Connection.NetworkMessage>:SetResult (TheraplyCore.Network.Connection.NetworkMessage)
TheraplyCore.Editor.Automation.CriticalEndSessionAckTransportValidation/<ReadWireMessageAsync>d__6:MoveNext () (at Assets/_TheraplyCore/Editor/Automation/CriticalEndSessionAckTransportValidation.cs:342)
System.Runtime.CompilerServices.AsyncMethodBuilderCore/MoveNextRunner:InvokeMoveNext (object)
System.Threading.ExecutionContext:RunInternal (System.Threading.ExecutionContext,System.Threading.ContextCallback,object,bool)
System.Threading.ExecutionContext:Run (System.Threading.ExecutionContext,System.Threading.ContextCallback,object,bool)
System.Runtime.CompilerServices.AsyncMethodBuilderCore/MoveNextRunner:Run ()
System.Threading.Tasks.AwaitTaskContinuation:InvokeAction (object)
System.Threading.Tasks.AwaitTaskContinuation:RunCallback (System.Threading.ContextCallback,object,System.Threading.Tasks.Task&)
System.Threading.Tasks.SynchronizationContextAwaitTaskContinuation:Run (System.Threading.Tasks.Task,bool)
System.Threading.Tasks.Task:FinishContinuations ()
System.Threading.Tasks.Task:FinishStageThree ()
System.Threading.Tasks.Task`1<System.Threading.Tasks.VoidTaskResult>:TrySetResult (System.Threading.Tasks.VoidTaskResult)
System.Runtime.CompilerServices.AsyncTaskMethodBuilder`1<System.Threading.Tasks.VoidTaskResult>:SetResult (System.Threading.Tasks.VoidTaskResult)
System.Runtime.CompilerServices.AsyncTaskMethodBuilder`1<System.Threading.Tasks.VoidTaskResult>:SetResult (System.Threading.Tasks.Task`1<System.Threading.Tasks.VoidTaskResult>)
System.Runtime.CompilerServices.AsyncTaskMethodBuilder:SetResult ()
TheraplyCore.Editor.Automation.CriticalEndSessionAckTransportValidation/<ReadExactAsync>d__7:MoveNext () (at Assets/_TheraplyCore/Editor/Automation/CriticalEndSessionAckTransportValidation.cs:361)
System.Runtime.CompilerServices.AsyncMethodBuilderCore/MoveNextRunner:InvokeMoveNext (object)
System.Threading.ExecutionContext:RunInternal (System.Threading.ExecutionContext,System.Threading.ContextCallback,object,bool)
System.Threading.ExecutionContext:Run (System.Threading.ExecutionContext,System.Threading.ContextCallback,object,bool)
System.Runtime.CompilerServices.AsyncMethodBuilderCore/MoveNextRunner:Run ()
System.Threading.Tasks.SynchronizationContextAwaitTaskContinuation/<>c:<.cctor>b__7_0 (object)
UnityEngine.UnitySynchronizationContext/WorkRequest:Invoke ()
UnityEngine.UnitySynchronizationContext:Exec ()
UnityEngine.UnitySynchronizationContext:ExecuteTasks ()

(Filename: Assets/_TheraplyCore/Logging/Logger.cs Line: 110)

<color=gray>14:36:16.423</color> <color=white>[INFO]</color> [IdempotencyGuard] Duplicate command suppressed: command=END_SESSION, messageId=end-msg-7381521f05f84c46b4107fd373407839, priorStatus=APPLIED.
UnityEngine.Debug:ExtractStackTraceNoAlloc (byte*,int,string)
UnityEngine.StackTraceUtility:ExtractStackTrace ()
UnityEngine.DebugLogHandler:Internal_Log (UnityEngine.LogType,UnityEngine.LogOption,string,UnityEngine.Object)
UnityEngine.DebugLogHandler:LogFormat (UnityEngine.LogType,UnityEngine.Object,string,object[])
UnityEngine.Logger:Log (UnityEngine.LogType,object)
UnityEngine.Debug:Log (object)
TheraplyCore.Logging.Logger:OutputToConsole (string,string,System.Exception,TheraplyCore.Logging.LogLevel) (at Assets/_TheraplyCore/Logging/Logger.cs:178)
TheraplyCore.Logging.Logger:Log (TheraplyCore.Logging.LogLevel,string,string,System.Exception) (at Assets/_TheraplyCore/Logging/Logger.cs:142)
TheraplyCore.Logging.Logger:Info (string) (at Assets/_TheraplyCore/Logging/Logger.cs:110)
TheraplyCore.Games.Runtime.IdempotencyGuard:TryBeginCriticalCommand (string,string,string,TheraplyCore.Games.Runtime.IdempotencyDecision&) (at Assets/_TheraplyCore/Games/Runtime/CommandJournal.cs:447)
TheraplyCore.Games.Runtime.GameCommandBus:HandleIncomingMessage (TheraplyCore.Network.Connection.NetworkMessage) (at Assets/_TheraplyCore/Games/Runtime/GameCommandBus.cs:179)
System.Reflection.RuntimeMethodInfo:Invoke (object,System.Reflection.BindingFlags,System.Reflection.Binder,object[],System.Globalization.CultureInfo)
System.Reflection.MethodBase:Invoke (object,object[])
TheraplyCore.Editor.Automation.CriticalEndSessionAckTransportValidation:InvokeNonPublic (object,string,object[]) (at Assets/_TheraplyCore/Editor/Automation/CriticalEndSessionAckTransportValidation.cs:622)
TheraplyCore.Editor.Automation.CriticalEndSessionAckTransportValidation:DispatchMessage (TheraplyCore.Games.Runtime.GameCommandBus,TheraplyCore.Network.Connection.NetworkMessage) (at Assets/_TheraplyCore/Editor/Automation/CriticalEndSessionAckTransportValidation.cs:451)
TheraplyCore.Editor.Automation.CriticalEndSessionAckTransportValidation/<ExecuteValidationAsync>d__3:MoveNext () (at Assets/_TheraplyCore/Editor/Automation/CriticalEndSessionAckTransportValidation.cs:180)
System.Runtime.CompilerServices.AsyncMethodBuilderCore/MoveNextRunner:InvokeMoveNext (object)
System.Threading.ExecutionContext:RunInternal (System.Threading.ExecutionContext,System.Threading.ContextCallback,object,bool)
System.Threading.ExecutionContext:Run (System.Threading.ExecutionContext,System.Threading.ContextCallback,object,bool)
System.Runtime.CompilerServices.AsyncMethodBuilderCore/MoveNextRunner:Run ()
System.Threading.Tasks.AwaitTaskContinuation:InvokeAction (object)
System.Threading.Tasks.AwaitTaskContinuation:RunCallback (System.Threading.ContextCallback,object,System.Threading.Tasks.Task&)
System.Threading.Tasks.SynchronizationContextAwaitTaskContinuation:Run (System.Threading.Tasks.Task,bool)
System.Threading.Tasks.Task:FinishContinuations ()
System.Threading.Tasks.Task:FinishStageThree ()
System.Threading.Tasks.Task`1<TheraplyCore.Games.Contracts.CriticalCommandAckPayload>:TrySetResult (TheraplyCore.Games.Contracts.CriticalCommandAckPayload)
System.Runtime.CompilerServices.AsyncTaskMethodBuilder`1<TheraplyCore.Games.Contracts.CriticalCommandAckPayload>:SetResult (TheraplyCore.Games.Contracts.CriticalCommandAckPayload)
TheraplyCore.Editor.Automation.CriticalEndSessionAckTransportValidation/<ReadAckPayloadAsync>d__5:MoveNext () (at Assets/_TheraplyCore/Editor/Automation/CriticalEndSessionAckTransportValidation.cs:309)
System.Runtime.CompilerServices.AsyncMethodBuilderCore/MoveNextRunner:InvokeMoveNext (object)
System.Threading.ExecutionContext:RunInternal (System.Threading.ExecutionContext,System.Threading.ContextCallback,object,bool)
System.Threading.ExecutionContext:Run (System.Threading.ExecutionContext,System.Threading.ContextCallback,object,bool)
System.Runtime.CompilerServices.AsyncMethodBuilderCore/MoveNextRunner:Run ()
System.Threading.Tasks.AwaitTaskContinuation:InvokeAction (object)
System.Threading.Tasks.AwaitTaskContinuation:RunCallback (System.Threading.ContextCallback,object,System.Threading.Tasks.Task&)
System.Threading.Tasks.SynchronizationContextAwaitTaskContinuation:Run (System.Threading.Tasks.Task,bool)
System.Threading.Tasks.Task:FinishContinuations ()
System.Threading.Tasks.Task:FinishStageThree ()
System.Threading.Tasks.Task`1<TheraplyCore.Network.Connection.NetworkMessage>:TrySetResult (TheraplyCore.Network.Connection.NetworkMessage)
System.Runtime.CompilerServices.AsyncTaskMethodBuilder`1<TheraplyCore.Network.Connection.NetworkMessage>:SetResult (TheraplyCore.Network.Connection.NetworkMessage)
TheraplyCore.Editor.Automation.CriticalEndSessionAckTransportValidation/<ReadWireMessageAsync>d__6:MoveNext () (at Assets/_TheraplyCore/Editor/Automation/CriticalEndSessionAckTransportValidation.cs:342)
System.Runtime.CompilerServices.AsyncMethodBuilderCore/MoveNextRunner:InvokeMoveNext (object)
System.Threading.ExecutionContext:RunInternal (System.Threading.ExecutionContext,System.Threading.ContextCallback,object,bool)
System.Threading.ExecutionContext:Run (System.Threading.ExecutionContext,System.Threading.ContextCallback,object,bool)
System.Runtime.CompilerServices.AsyncMethodBuilderCore/MoveNextRunner:Run ()
System.Threading.Tasks.AwaitTaskContinuation:InvokeAction (object)
System.Threading.Tasks.AwaitTaskContinuation:RunCallback (System.Threading.ContextCallback,object,System.Threading.Tasks.Task&)
System.Threading.Tasks.SynchronizationContextAwaitTaskContinuation:Run (System.Threading.Tasks.Task,bool)
System.Threading.Tasks.Task:FinishContinuations ()
System.Threading.Tasks.Task:FinishStageThree ()
System.Threading.Tasks.Task`1<System.Threading.Tasks.VoidTaskResult>:TrySetResult (System.Threading.Tasks.VoidTaskResult)
System.Runtime.CompilerServices.AsyncTaskMethodBuilder`1<System.Threading.Tasks.VoidTaskResult>:SetResult (System.Threading.Tasks.VoidTaskResult)
System.Runtime.CompilerServices.AsyncTaskMethodBuilder`1<System.Threading.Tasks.VoidTaskResult>:SetResult (System.Threading.Tasks.Task`1<System.Threading.Tasks.VoidTaskResult>)
System.Runtime.CompilerServices.AsyncTaskMethodBuilder:SetResult ()
TheraplyCore.Editor.Automation.CriticalEndSessionAckTransportValidation/<ReadExactAsync>d__7:MoveNext () (at Assets/_TheraplyCore/Editor/Automation/CriticalEndSessionAckTransportValidation.cs:361)
System.Runtime.CompilerServices.AsyncMethodBuilderCore/MoveNextRunner:InvokeMoveNext (object)
System.Threading.ExecutionContext:RunInternal (System.Threading.ExecutionContext,System.Threading.ContextCallback,object,bool)
System.Threading.ExecutionContext:Run (System.Threading.ExecutionContext,System.Threading.ContextCallback,object,bool)
System.Runtime.CompilerServices.AsyncMethodBuilderCore/MoveNextRunner:Run ()
System.Threading.Tasks.SynchronizationContextAwaitTaskContinuation/<>c:<.cctor>b__7_0 (object)
UnityEngine.UnitySynchronizationContext/WorkRequest:Invoke ()
UnityEngine.UnitySynchronizationContext:Exec ()
UnityEngine.UnitySynchronizationContext:ExecuteTasks ()

(Filename: Assets/_TheraplyCore/Logging/Logger.cs Line: 110)

<color=gray>14:36:16.451</color> <color=white>[INFO]</color> [GameRuntime] END_SESSION received: session=session-b-eccfa2ff4d9e4d8395e96293d22edb8e, state=CREATED, activeGame=, reason=THERAPIST_END_FINAL
UnityEngine.Debug:ExtractStackTraceNoAlloc (byte*,int,string)
UnityEngine.StackTraceUtility:ExtractStackTrace ()
UnityEngine.DebugLogHandler:Internal_Log (UnityEngine.LogType,UnityEngine.LogOption,string,UnityEngine.Object)
UnityEngine.DebugLogHandler:LogFormat (UnityEngine.LogType,UnityEngine.Object,string,object[])
UnityEngine.Logger:Log (UnityEngine.LogType,object)
UnityEngine.Debug:Log (object)
TheraplyCore.Logging.Logger:OutputToConsole (string,string,System.Exception,TheraplyCore.Logging.LogLevel) (at Assets/_TheraplyCore/Logging/Logger.cs:178)
TheraplyCore.Logging.Logger:Log (TheraplyCore.Logging.LogLevel,string,string,System.Exception) (at Assets/_TheraplyCore/Logging/Logger.cs:142)
TheraplyCore.Logging.Logger:Info (string) (at Assets/_TheraplyCore/Logging/Logger.cs:110)
TheraplyCore.Games.Runtime.GameRuntimeService:HandleEndSessionCommand (TheraplyCore.Games.Contracts.EndSessionCommand) (at Assets/_TheraplyCore/Games/Runtime/GameRuntimeService.cs:661)
System.Reflection.RuntimeMethodInfo:Invoke (object,System.Reflection.BindingFlags,System.Reflection.Binder,object[],System.Globalization.CultureInfo)
System.Reflection.MethodBase:Invoke (object,object[])
System.Delegate:DynamicInvokeImpl (object[])
System.MulticastDelegate:DynamicInvokeImpl (object[])
System.Delegate:DynamicInvoke (object[])
TheraplyCore.Games.Runtime.GameCommandBus:HandleIncomingMessage (TheraplyCore.Network.Connection.NetworkMessage) (at Assets/_TheraplyCore/Games/Runtime/GameCommandBus.cs:264)
System.Reflection.RuntimeMethodInfo:Invoke (object,System.Reflection.BindingFlags,System.Reflection.Binder,object[],System.Globalization.CultureInfo)
System.Reflection.MethodBase:Invoke (object,object[])
TheraplyCore.Editor.Automation.CriticalEndSessionAckTransportValidation:InvokeNonPublic (object,string,object[]) (at Assets/_TheraplyCore/Editor/Automation/CriticalEndSessionAckTransportValidation.cs:622)
TheraplyCore.Editor.Automation.CriticalEndSessionAckTransportValidation:DispatchMessage (TheraplyCore.Games.Runtime.GameCommandBus,TheraplyCore.Network.Connection.NetworkMessage) (at Assets/_TheraplyCore/Editor/Automation/CriticalEndSessionAckTransportValidation.cs:451)
TheraplyCore.Editor.Automation.CriticalEndSessionAckTransportValidation/<ExecuteValidationAsync>d__3:MoveNext () (at Assets/_TheraplyCore/Editor/Automation/CriticalEndSessionAckTransportValidation.cs:190)
System.Runtime.CompilerServices.AsyncMethodBuilderCore/MoveNextRunner:InvokeMoveNext (object)
System.Threading.ExecutionContext:RunInternal (System.Threading.ExecutionContext,System.Threading.ContextCallback,object,bool)
System.Threading.ExecutionContext:Run (System.Threading.ExecutionContext,System.Threading.ContextCallback,object,bool)
System.Runtime.CompilerServices.AsyncMethodBuilderCore/MoveNextRunner:Run ()
System.Threading.Tasks.AwaitTaskContinuation:InvokeAction (object)
System.Threading.Tasks.AwaitTaskContinuation:RunCallback (System.Threading.ContextCallback,object,System.Threading.Tasks.Task&)
System.Threading.Tasks.SynchronizationContextAwaitTaskContinuation:Run (System.Threading.Tasks.Task,bool)
System.Threading.Tasks.Task:FinishContinuations ()
System.Threading.Tasks.Task:FinishStageThree ()
System.Threading.Tasks.Task`1<TheraplyCore.Games.Contracts.CriticalCommandAckPayload>:TrySetResult (TheraplyCore.Games.Contracts.CriticalCommandAckPayload)
System.Runtime.CompilerServices.AsyncTaskMethodBuilder`1<TheraplyCore.Games.Contracts.CriticalCommandAckPayload>:SetResult (TheraplyCore.Games.Contracts.CriticalCommandAckPayload)
TheraplyCore.Editor.Automation.CriticalEndSessionAckTransportValidation/<ReadAckPayloadAsync>d__5:MoveNext () (at Assets/_TheraplyCore/Editor/Automation/CriticalEndSessionAckTransportValidation.cs:309)
System.Runtime.CompilerServices.AsyncMethodBuilderCore/MoveNextRunner:InvokeMoveNext (object)
System.Threading.ExecutionContext:RunInternal (System.Threading.ExecutionContext,System.Threading.ContextCallback,object,bool)
System.Threading.ExecutionContext:Run (System.Threading.ExecutionContext,System.Threading.ContextCallback,object,bool)
System.Runtime.CompilerServices.AsyncMethodBuilderCore/MoveNextRunner:Run ()
System.Threading.Tasks.AwaitTaskContinuation:InvokeAction (object)
System.Threading.Tasks.AwaitTaskContinuation:RunCallback (System.Threading.ContextCallback,object,System.Threading.Tasks.Task&)
System.Threading.Tasks.SynchronizationContextAwaitTaskContinuation:Run (System.Threading.Tasks.Task,bool)
System.Threading.Tasks.Task:FinishContinuations ()
System.Threading.Tasks.Task:FinishStageThree ()
System.Threading.Tasks.Task`1<TheraplyCore.Network.Connection.NetworkMessage>:TrySetResult (TheraplyCore.Network.Connection.NetworkMessage)
System.Runtime.CompilerServices.AsyncTaskMethodBuilder`1<TheraplyCore.Network.Connection.NetworkMessage>:SetResult (TheraplyCore.Network.Connection.NetworkMessage)
TheraplyCore.Editor.Automation.CriticalEndSessionAckTransportValidation/<ReadWireMessageAsync>d__6:MoveNext () (at Assets/_TheraplyCore/Editor/Automation/CriticalEndSessionAckTransportValidation.cs:342)
System.Runtime.CompilerServices.AsyncMethodBuilderCore/MoveNextRunner:InvokeMoveNext (object)
System.Threading.ExecutionContext:RunInternal (System.Threading.ExecutionContext,System.Threading.ContextCallback,object,bool)
System.Threading.ExecutionContext:Run (System.Threading.ExecutionContext,System.Threading.ContextCallback,object,bool)
System.Runtime.CompilerServices.AsyncMethodBuilderCore/MoveNextRunner:Run ()
System.Threading.Tasks.AwaitTaskContinuation:InvokeAction (object)
System.Threading.Tasks.AwaitTaskContinuation:RunCallback (System.Threading.ContextCallback,object,System.Threading.Tasks.Task&)
System.Threading.Tasks.SynchronizationContextAwaitTaskContinuation:Run (System.Threading.Tasks.Task,bool)
System.Threading.Tasks.Task:FinishContinuations ()
System.Threading.Tasks.Task:FinishStageThree ()
System.Threading.Tasks.Task`1<System.Threading.Tasks.VoidTaskResult>:TrySetResult (System.Threading.Tasks.VoidTaskResult)
System.Runtime.CompilerServices.AsyncTaskMethodBuilder`1<System.Threading.Tasks.VoidTaskResult>:SetResult (System.Threading.Tasks.VoidTaskResult)
System.Runtime.CompilerServices.AsyncTaskMethodBuilder`1<System.Threading.Tasks.VoidTaskResult>:SetResult (System.Threading.Tasks.Task`1<System.Threading.Tasks.VoidTaskResult>)
System.Runtime.CompilerServices.AsyncTaskMethodBuilder:SetResult ()
TheraplyCore.Editor.Automation.CriticalEndSessionAckTransportValidation/<ReadExactAsync>d__7:MoveNext () (at Assets/_TheraplyCore/Editor/Automation/CriticalEndSessionAckTransportValidation.cs:361)
System.Runtime.CompilerServices.AsyncMethodBuilderCore/MoveNextRunner:InvokeMoveNext (object)
System.Threading.ExecutionContext:RunInternal (System.Threading.ExecutionContext,System.Threading.ContextCallback,object,bool)
System.Threading.ExecutionContext:Run (System.Threading.ExecutionContext,System.Threading.ContextCallback,object,bool)
System.Runtime.CompilerServices.AsyncMethodBuilderCore/MoveNextRunner:Run ()
System.Threading.Tasks.SynchronizationContextAwaitTaskContinuation/<>c:<.cctor>b__7_0 (object)
UnityEngine.UnitySynchronizationContext/WorkRequest:Invoke ()
UnityEngine.UnitySynchronizationContext:Exec ()
UnityEngine.UnitySynchronizationContext:ExecuteTasks ()

(Filename: Assets/_TheraplyCore/Logging/Logger.cs Line: 110)

<color=gray>14:36:16.452</color> <color=white>[INFO]</color> [SessionContext] State transition: CREATED -> ABORTED_BY_THERAPIST (session=session-b-eccfa2ff4d9e4d8395e96293d22edb8e, reason=END_SESSION)
UnityEngine.Debug:ExtractStackTraceNoAlloc (byte*,int,string)
UnityEngine.StackTraceUtility:ExtractStackTrace ()
UnityEngine.DebugLogHandler:Internal_Log (UnityEngine.LogType,UnityEngine.LogOption,string,UnityEngine.Object)
UnityEngine.DebugLogHandler:LogFormat (UnityEngine.LogType,UnityEngine.Object,string,object[])
UnityEngine.Logger:Log (UnityEngine.LogType,object)
UnityEngine.Debug:Log (object)
TheraplyCore.Logging.Logger:OutputToConsole (string,string,System.Exception,TheraplyCore.Logging.LogLevel) (at Assets/_TheraplyCore/Logging/Logger.cs:178)
TheraplyCore.Logging.Logger:Log (TheraplyCore.Logging.LogLevel,string,string,System.Exception) (at Assets/_TheraplyCore/Logging/Logger.cs:142)
TheraplyCore.Logging.Logger:Info (string) (at Assets/_TheraplyCore/Logging/Logger.cs:110)
TheraplyCore.Games.Runtime.GameSessionContext:TryTransitionTo (TheraplyCore.Games.Contracts.SessionLifecycleState,string) (at Assets/_TheraplyCore/Games/Runtime/GameSessionContext.cs:219)
TheraplyCore.Games.Runtime.GameRuntimeService:TryTransitionSessionState (TheraplyCore.Games.Contracts.SessionLifecycleState,string) (at Assets/_TheraplyCore/Games/Runtime/GameRuntimeService.cs:1251)
TheraplyCore.Games.Runtime.GameRuntimeService:HandleEndSessionCommand (TheraplyCore.Games.Contracts.EndSessionCommand) (at Assets/_TheraplyCore/Games/Runtime/GameRuntimeService.cs:673)
System.Reflection.RuntimeMethodInfo:Invoke (object,System.Reflection.BindingFlags,System.Reflection.Binder,object[],System.Globalization.CultureInfo)
System.Reflection.MethodBase:Invoke (object,object[])
System.Delegate:DynamicInvokeImpl (object[])
System.MulticastDelegate:DynamicInvokeImpl (object[])
System.Delegate:DynamicInvoke (object[])
TheraplyCore.Games.Runtime.GameCommandBus:HandleIncomingMessage (TheraplyCore.Network.Connection.NetworkMessage) (at Assets/_TheraplyCore/Games/Runtime/GameCommandBus.cs:264)
System.Reflection.RuntimeMethodInfo:Invoke (object,System.Reflection.BindingFlags,System.Reflection.Binder,object[],System.Globalization.CultureInfo)
System.Reflection.MethodBase:Invoke (object,object[])
TheraplyCore.Editor.Automation.CriticalEndSessionAckTransportValidation:InvokeNonPublic (object,string,object[]) (at Assets/_TheraplyCore/Editor/Automation/CriticalEndSessionAckTransportValidation.cs:622)
TheraplyCore.Editor.Automation.CriticalEndSessionAckTransportValidation:DispatchMessage (TheraplyCore.Games.Runtime.GameCommandBus,TheraplyCore.Network.Connection.NetworkMessage) (at Assets/_TheraplyCore/Editor/Automation/CriticalEndSessionAckTransportValidation.cs:451)
TheraplyCore.Editor.Automation.CriticalEndSessionAckTransportValidation/<ExecuteValidationAsync>d__3:MoveNext () (at Assets/_TheraplyCore/Editor/Automation/CriticalEndSessionAckTransportValidation.cs:190)
System.Runtime.CompilerServices.AsyncMethodBuilderCore/MoveNextRunner:InvokeMoveNext (object)
System.Threading.ExecutionContext:RunInternal (System.Threading.ExecutionContext,System.Threading.ContextCallback,object,bool)
System.Threading.ExecutionContext:Run (System.Threading.ExecutionContext,System.Threading.ContextCallback,object,bool)
System.Runtime.CompilerServices.AsyncMethodBuilderCore/MoveNextRunner:Run ()
System.Threading.Tasks.AwaitTaskContinuation:InvokeAction (object)
System.Threading.Tasks.AwaitTaskContinuation:RunCallback (System.Threading.ContextCallback,object,System.Threading.Tasks.Task&)
System.Threading.Tasks.SynchronizationContextAwaitTaskContinuation:Run (System.Threading.Tasks.Task,bool)
System.Threading.Tasks.Task:FinishContinuations ()
System.Threading.Tasks.Task:FinishStageThree ()
System.Threading.Tasks.Task`1<TheraplyCore.Games.Contracts.CriticalCommandAckPayload>:TrySetResult (TheraplyCore.Games.Contracts.CriticalCommandAckPayload)
System.Runtime.CompilerServices.AsyncTaskMethodBuilder`1<TheraplyCore.Games.Contracts.CriticalCommandAckPayload>:SetResult (TheraplyCore.Games.Contracts.CriticalCommandAckPayload)
TheraplyCore.Editor.Automation.CriticalEndSessionAckTransportValidation/<ReadAckPayloadAsync>d__5:MoveNext () (at Assets/_TheraplyCore/Editor/Automation/CriticalEndSessionAckTransportValidation.cs:309)
System.Runtime.CompilerServices.AsyncMethodBuilderCore/MoveNextRunner:InvokeMoveNext (object)
System.Threading.ExecutionContext:RunInternal (System.Threading.ExecutionContext,System.Threading.ContextCallback,object,bool)
System.Threading.ExecutionContext:Run (System.Threading.ExecutionContext,System.Threading.ContextCallback,object,bool)
System.Runtime.CompilerServices.AsyncMethodBuilderCore/MoveNextRunner:Run ()
System.Threading.Tasks.AwaitTaskContinuation:InvokeAction (object)
System.Threading.Tasks.AwaitTaskContinuation:RunCallback (System.Threading.ContextCallback,object,System.Threading.Tasks.Task&)
System.Threading.Tasks.SynchronizationContextAwaitTaskContinuation:Run (System.Threading.Tasks.Task,bool)
System.Threading.Tasks.Task:FinishContinuations ()
System.Threading.Tasks.Task:FinishStageThree ()
System.Threading.Tasks.Task`1<TheraplyCore.Network.Connection.NetworkMessage>:TrySetResult (TheraplyCore.Network.Connection.NetworkMessage)
System.Runtime.CompilerServices.AsyncTaskMethodBuilder`1<TheraplyCore.Network.Connection.NetworkMessage>:SetResult (TheraplyCore.Network.Connection.NetworkMessage)
TheraplyCore.Editor.Automation.CriticalEndSessionAckTransportValidation/<ReadWireMessageAsync>d__6:MoveNext () (at Assets/_TheraplyCore/Editor/Automation/CriticalEndSessionAckTransportValidation.cs:342)
System.Runtime.CompilerServices.AsyncMethodBuilderCore/MoveNextRunner:InvokeMoveNext (object)
System.Threading.ExecutionContext:RunInternal (System.Threading.ExecutionContext,System.Threading.ContextCallback,object,bool)
System.Threading.ExecutionContext:Run (System.Threading.ExecutionContext,System.Threading.ContextCallback,object,bool)
System.Runtime.CompilerServices.AsyncMethodBuilderCore/MoveNextRunner:Run ()
System.Threading.Tasks.AwaitTaskContinuation:InvokeAction (object)
System.Threading.Tasks.AwaitTaskContinuation:RunCallback (System.Threading.ContextCallback,object,System.Threading.Tasks.Task&)
System.Threading.Tasks.SynchronizationContextAwaitTaskContinuation:Run (System.Threading.Tasks.Task,bool)
System.Threading.Tasks.Task:FinishContinuations ()
System.Threading.Tasks.Task:FinishStageThree ()
System.Threading.Tasks.Task`1<System.Threading.Tasks.VoidTaskResult>:TrySetResult (System.Threading.Tasks.VoidTaskResult)
System.Runtime.CompilerServices.AsyncTaskMethodBuilder`1<System.Threading.Tasks.VoidTaskResult>:SetResult (System.Threading.Tasks.VoidTaskResult)
System.Runtime.CompilerServices.AsyncTaskMethodBuilder`1<System.Threading.Tasks.VoidTaskResult>:SetResult (System.Threading.Tasks.Task`1<System.Threading.Tasks.VoidTaskResult>)
System.Runtime.CompilerServices.AsyncTaskMethodBuilder:SetResult ()
TheraplyCore.Editor.Automation.CriticalEndSessionAckTransportValidation/<ReadExactAsync>d__7:MoveNext () (at Assets/_TheraplyCore/Editor/Automation/CriticalEndSessionAckTransportValidation.cs:361)
System.Runtime.CompilerServices.AsyncMethodBuilderCore/MoveNextRunner:InvokeMoveNext (object)
System.Threading.ExecutionContext:RunInternal (System.Threading.ExecutionContext,System.Threading.ContextCallback,object,bool)
System.Threading.ExecutionContext:Run (System.Threading.ExecutionContext,System.Threading.ContextCallback,object,bool)
System.Runtime.CompilerServices.AsyncMethodBuilderCore/MoveNextRunner:Run ()
System.Threading.Tasks.SynchronizationContextAwaitTaskContinuation/<>c:<.cctor>b__7_0 (object)
UnityEngine.UnitySynchronizationContext/WorkRequest:Invoke ()
UnityEngine.UnitySynchronizationContext:Exec ()
UnityEngine.UnitySynchronizationContext:ExecuteTasks ()

(Filename: Assets/_TheraplyCore/Logging/Logger.cs Line: 110)

[TCPServer] Send error: Object reference not set to an instance of an object
UnityEngine.Debug:ExtractStackTraceNoAlloc (byte*,int,string)
UnityEngine.StackTraceUtility:ExtractStackTrace ()
UnityEngine.DebugLogHandler:Internal_Log (UnityEngine.LogType,UnityEngine.LogOption,string,UnityEngine.Object)
UnityEngine.DebugLogHandler:LogFormat (UnityEngine.LogType,UnityEngine.Object,string,object[])
UnityEngine.Logger:Log (UnityEngine.LogType,object)
UnityEngine.Debug:LogError (object)
TheraplyCore.Network.Connection.TCPServerService/<SendMessageAsync>d__57:MoveNext () (at Assets/_TheraplyCore/Network/Connection/TCPServerService.cs:308)
System.Runtime.CompilerServices.AsyncMethodBuilderCore/MoveNextRunner:InvokeMoveNext (object)
System.Threading.ExecutionContext:RunInternal (System.Threading.ExecutionContext,System.Threading.ContextCallback,object,bool)
System.Threading.ExecutionContext:Run (System.Threading.ExecutionContext,System.Threading.ContextCallback,object,bool)
System.Runtime.CompilerServices.AsyncMethodBuilderCore/MoveNextRunner:Run ()
System.Threading.Tasks.SynchronizationContextAwaitTaskContinuation/<>c:<.cctor>b__7_0 (object)
UnityEngine.UnitySynchronizationContext/WorkRequest:Invoke ()
UnityEngine.UnitySynchronizationContext:Exec ()
UnityEngine.UnitySynchronizationContext:ExecuteTasks ()

(Filename: Assets/_TheraplyCore/Network/Connection/TCPServerService.cs Line: 308)

<color=gray>14:36:16.475</color> <color=yellow>[WARN]</color> [GameCommandBus] Failed to send COMMAND_ACK for END_SESSION (end-msg-a7d39b416cf7468c85f01350f6f49e87)
UnityEngine.Debug:ExtractStackTraceNoAlloc (byte*,int,string)
UnityEngine.StackTraceUtility:ExtractStackTrace ()
UnityEngine.DebugLogHandler:Internal_Log (UnityEngine.LogType,UnityEngine.LogOption,string,UnityEngine.Object)
UnityEngine.DebugLogHandler:LogFormat (UnityEngine.LogType,UnityEngine.Object,string,object[])
UnityEngine.Logger:Log (UnityEngine.LogType,object)
UnityEngine.Debug:LogWarning (object)
TheraplyCore.Logging.Logger:OutputToConsole (string,string,System.Exception,TheraplyCore.Logging.LogLevel) (at Assets/_TheraplyCore/Logging/Logger.cs:174)
TheraplyCore.Logging.Logger:Log (TheraplyCore.Logging.LogLevel,string,string,System.Exception) (at Assets/_TheraplyCore/Logging/Logger.cs:142)
TheraplyCore.Logging.Logger:Warning (string) (at Assets/_TheraplyCore/Logging/Logger.cs:102)
TheraplyCore.Games.Runtime.GameCommandBus/<SendCriticalAckAsync>d__36:MoveNext () (at Assets/_TheraplyCore/Games/Runtime/GameCommandBus.cs:792)
System.Runtime.CompilerServices.AsyncMethodBuilderCore/MoveNextRunner:InvokeMoveNext (object)
System.Threading.ExecutionContext:RunInternal (System.Threading.ExecutionContext,System.Threading.ContextCallback,object,bool)
System.Threading.ExecutionContext:Run (System.Threading.ExecutionContext,System.Threading.ContextCallback,object,bool)
System.Runtime.CompilerServices.AsyncMethodBuilderCore/MoveNextRunner:Run ()
System.Threading.Tasks.AwaitTaskContinuation:InvokeAction (object)
System.Threading.Tasks.AwaitTaskContinuation:RunCallback (System.Threading.ContextCallback,object,System.Threading.Tasks.Task&)
System.Threading.Tasks.SynchronizationContextAwaitTaskContinuation:Run (System.Threading.Tasks.Task,bool)
System.Threading.Tasks.Task:FinishContinuations ()
System.Threading.Tasks.Task:FinishStageThree ()
System.Threading.Tasks.Task`1<bool>:TrySetResult (bool)
System.Runtime.CompilerServices.AsyncTaskMethodBuilder`1<bool>:SetResult (bool)
TheraplyCore.Games.Runtime.GameCommandBus/<SendMessageInternalAsync>d__23:MoveNext () (at Assets/_TheraplyCore/Games/Runtime/GameCommandBus.cs:168)
System.Runtime.CompilerServices.AsyncMethodBuilderCore/MoveNextRunner:InvokeMoveNext (object)
System.Threading.ExecutionContext:RunInternal (System.Threading.ExecutionContext,System.Threading.ContextCallback,object,bool)
System.Threading.ExecutionContext:Run (System.Threading.ExecutionContext,System.Threading.ContextCallback,object,bool)
System.Runtime.CompilerServices.AsyncMethodBuilderCore/MoveNextRunner:Run ()
System.Threading.Tasks.AwaitTaskContinuation:InvokeAction (object)
System.Threading.Tasks.AwaitTaskContinuation:RunCallback (System.Threading.ContextCallback,object,System.Threading.Tasks.Task&)
System.Threading.Tasks.SynchronizationContextAwaitTaskContinuation:Run (System.Threading.Tasks.Task,bool)
System.Threading.Tasks.Task:FinishContinuations ()
System.Threading.Tasks.Task:FinishStageThree ()
System.Threading.Tasks.Task`1<bool>:TrySetResult (bool)
System.Runtime.CompilerServices.AsyncTaskMethodBuilder`1<bool>:SetResult (bool)
TheraplyCore.Network.Connection.TCPServerService/<SendMessageAsync>d__57:MoveNext () (at Assets/_TheraplyCore/Network/Connection/TCPServerService.cs:324)
System.Runtime.CompilerServices.AsyncMethodBuilderCore/MoveNextRunner:InvokeMoveNext (object)
System.Threading.ExecutionContext:RunInternal (System.Threading.ExecutionContext,System.Threading.ContextCallback,object,bool)
System.Threading.ExecutionContext:Run (System.Threading.ExecutionContext,System.Threading.ContextCallback,object,bool)
System.Runtime.CompilerServices.AsyncMethodBuilderCore/MoveNextRunner:Run ()
System.Threading.Tasks.SynchronizationContextAwaitTaskContinuation/<>c:<.cctor>b__7_0 (object)
UnityEngine.UnitySynchronizationContext/WorkRequest:Invoke ()
UnityEngine.UnitySynchronizationContext:Exec ()
UnityEngine.UnitySynchronizationContext:ExecuteTasks ()

(Filename: Assets/_TheraplyCore/Logging/Logger.cs Line: 102)

[CriticalEndSessionAckTransportValidation] PASS: first=ACK:OK; conflict=NACK:SESSION_OWNERSHIP_CONFLICT; reconnect=ACK:OK; duplicateAfterRestart=ACK:DUPLICATE_COMMAND; final=ACK:OK; transport=tcp; mode=non-batch
UnityEngine.Debug:ExtractStackTraceNoAlloc (byte*,int,string)
UnityEngine.StackTraceUtility:ExtractStackTrace ()
UnityEngine.DebugLogHandler:Internal_Log (UnityEngine.LogType,UnityEngine.LogOption,string,UnityEngine.Object)
UnityEngine.DebugLogHandler:LogFormat (UnityEngine.LogType,UnityEngine.Object,string,object[])
UnityEngine.Logger:Log (UnityEngine.LogType,object)
UnityEngine.Debug:Log (object)
TheraplyCore.Editor.Automation.CriticalEndSessionAckTransportValidation:PumpValidationTask () (at Assets/_TheraplyCore/Editor/Automation/CriticalEndSessionAckTransportValidation.cs:51)
UnityEditor.EditorApplication:Internal_CallUpdateFunctions ()

(Filename: Assets/_TheraplyCore/Editor/Automation/CriticalEndSessionAckTransportValidation.cs Line: 51)

[CriticalEndSessionAckTransportValidation] Result file: C:\Users\licen\Projects\theraply-vr-framework\unity-quest-template\Temp\CliValidation\critical_end_session_ack_transport_result.txt
UnityEngine.Debug:ExtractStackTraceNoAlloc (byte*,int,string)
UnityEngine.StackTraceUtility:ExtractStackTrace ()
UnityEngine.DebugLogHandler:Internal_Log (UnityEngine.LogType,UnityEngine.LogOption,string,UnityEngine.Object)
UnityEngine.DebugLogHandler:LogFormat (UnityEngine.LogType,UnityEngine.Object,string,object[])
UnityEngine.Logger:Log (UnityEngine.LogType,object)
UnityEngine.Debug:Log (object)
TheraplyCore.Editor.Automation.CriticalEndSessionAckTransportValidation:PersistValidationResult (string,string) (at Assets/_TheraplyCore/Editor/Automation/CriticalEndSessionAckTransportValidation.cs:606)
TheraplyCore.Editor.Automation.CriticalEndSessionAckTransportValidation:PumpValidationTask () (at Assets/_TheraplyCore/Editor/Automation/CriticalEndSessionAckTransportValidation.cs:52)
UnityEditor.EditorApplication:Internal_CallUpdateFunctions ()

(Filename: Assets/_TheraplyCore/Editor/Automation/CriticalEndSessionAckTransportValidation.cs Line: 606)

[LAYOUT] About to save layout C:\Users\licen\Projects\theraply-vr-framework\unity-quest-template\UserSettings\Layouts\default-6000.dwlt
Cannot save invalid window Welcome to Meta XR SDK Welcome to Meta XR SDK (Meta.XR.Guides.Editor.GuideWindow) to layout.
UnityEngine.Debug:ExtractStackTraceNoAlloc (byte*,int,string)
UnityEngine.StackTraceUtility:ExtractStackTrace ()
UnityEngine.DebugLogHandler:Internal_Log (UnityEngine.LogType,UnityEngine.LogOption,string,UnityEngine.Object)
UnityEngine.DebugLogHandler:LogFormat (UnityEngine.LogType,UnityEngine.Object,string,object[])
UnityEngine.Logger:Log (UnityEngine.LogType,object)
UnityEngine.Debug:LogWarning (object)
UnityEditor.WindowLayout:SaveWindowLayout (string,bool)
UnityEditor.WindowLayout:SaveWindowLayout (string)
UnityEditor.WindowLayout:SaveCurrentLayoutPerMode (string)
UnityEditor.WindowLayout:SaveDefaultWindowPreferences ()
TheraplyCore.Editor.Automation.CriticalEndSessionAckTransportValidation:PumpValidationTask () (at Assets/_TheraplyCore/Editor/Automation/CriticalEndSessionAckTransportValidation.cs:53)
UnityEditor.EditorApplication:Internal_CallUpdateFunctions ()

(Filename: Assets/_TheraplyCore/Editor/Automation/CriticalEndSessionAckTransportValidation.cs Line: 53)

[LAYOUT] About to save layout C:/Users/licen/AppData/Roaming/Unity/Editor-5.x/Preferences\Layouts\current\default-6000.dwlt
Cannot save invalid window Welcome to Meta XR SDK Welcome to Meta XR SDK (Meta.XR.Guides.Editor.GuideWindow) to layout.
UnityEngine.Debug:ExtractStackTraceNoAlloc (byte*,int,string)
UnityEngine.StackTraceUtility:ExtractStackTrace ()
UnityEngine.DebugLogHandler:Internal_Log (UnityEngine.LogType,UnityEngine.LogOption,string,UnityEngine.Object)
UnityEngine.DebugLogHandler:LogFormat (UnityEngine.LogType,UnityEngine.Object,string,object[])
UnityEngine.Logger:Log (UnityEngine.LogType,object)
UnityEngine.Debug:LogWarning (object)
UnityEditor.WindowLayout:SaveWindowLayout (string,bool)
UnityEditor.WindowLayout:SaveWindowLayout (string)
UnityEditor.WindowLayout:SaveCurrentLayoutPerMode (string)
UnityEditor.WindowLayout:SaveDefaultWindowPreferences ()
TheraplyCore.Editor.Automation.CriticalEndSessionAckTransportValidation:PumpValidationTask () (at Assets/_TheraplyCore/Editor/Automation/CriticalEndSessionAckTransportValidation.cs:53)
UnityEditor.EditorApplication:Internal_CallUpdateFunctions ()

(Filename: Assets/_TheraplyCore/Editor/Automation/CriticalEndSessionAckTransportValidation.cs Line: 53)

Killing ADB server in 2,7089407 seconds.
Start importing Assets/XR/Settings/OpenXR Package Settings.asset using Guid(87284c9047716cd4780e46fdee439bdc) (NativeFormatImporter) -> (artifact id: 'b692c62e88e74486e28ea81563e31431') in 0.0023645 seconds
Start importing Assets/Oculus/OculusProjectConfig.asset using Guid(7a1ff3be9eee2a648a75c777a6e74f31) (NativeFormatImporter) -> (artifact id: '2fba7df05856de77b458356cadd4cff7') in 0.0017453 seconds
Refreshing native plugins compatible for Editor in 10.27 ms, found 9 plugins.
Preloading 1 native plugins for Editor in 0.07 ms.
Asset Pipeline Refresh (id=d2c06ec60f154d645810f4bb1806cb6d): Total: 0.042 seconds - Initiated by StopAssetImportingV2(NoUpdateAssetOptions)
Input System module state changed to: ShutdownInProgress.
Input System polling thread exited.
Input System module state changed to: Shutdown.
[Physics::Module] Cleanup current backend.
[Physics::Module] Id: 0xf2b8ea05
[Licensing::IpcConnector] LicenseClient-licen-notifications channel disconnected successfully.
[Licensing::IpcConnector] LicenseClient-licen channel disconnected successfully.
AcceleratorClientConnectionCallback - disconnected - :0
Shut down.
Cleanup mono
abort_threads: Failed aborting id: 0000000000000164, mono_thread_manage will ignore it

abort_threads: Failed aborting id: 0000000000007A38, mono_thread_manage will ignore it

abort_threads: Failed aborting id: 0000000000000164, mono_thread_manage will ignore it

abort_threads: Failed aborting id: 0000000000007A38, mono_thread_manage will ignore it

debugger-agent: Unable to listen on 4444
Checking for leaked weakptr:
  Found no leaked weakptrs.
[Package Manager] Server process was shutdown
##utp:{"type":"MemoryLeaks","version":2,"phase":"Immediate","time":1771767380408,"processId":17620,"allocatedMemory":254002616,"memoryLabels":[{"Default":29313},{"Permanent":15236},{"NewDelete":66421},{"Thread":4237960},{"Manager":32320},{"VertexData":8},{"Geometry":816},{"Texture":296},{"Shader":81315},{"Material":24},{"GfxDevice":57297},{"Animation":392},{"Audio":2664},{"FreeType":8},{"FontEngine":238801512},{"Physics":2090},{"Physics2D":16},{"Serialization":131760},{"Input":14984},{"JobScheduler":33024},{"TextLib":18520},{"Mono":32},{"ScriptingNativeRuntime":155060},{"BaseObject":1627280},{"Resource":1336},{"Renderer":3000},{"Transform":4685},{"File":1016},{"WebCam":616},{"Culling":32},{"Terrain":11394},{"Wind":24},{"STL":40},{"String":17552},{"DynamicArray":159890},{"HashMap":82271},{"Utility":2660370},{"Curl":48},{"PoolAlloc":2056},{"AI":80},{"TypeTree":5341},{"ScriptManager":512},{"RuntimeInitializeOnLoadManager":64},{"SpriteAtlas":112},{"GI":7792},{"Director":8240},{"CloudService":10224},{"WebRequest":808},{"VR":48138},{"SceneManager":504},{"Video":208},{"LazyScriptCache":32},{"NativeArray":4884},{"Camera":145},{"Secure":2113},{"SerializationCache":1576},{"APIUpdating":10320},{"Subsystems":192},{"VirtualTexturing":57888},{"StaticSafetyDebugInfo":278528},{"Analytics":384},{"Hierarchy":608},{"UIElements":22120},{"CoreStats":13032},{"Identifiers":12960},{"Gui":267576},{"EditorUtility":224434},{"VersionControl":4},{"Undo":947},{"AssetDatabase":4724453},{"EditorGi":328},{"UnityConnect":29344},{"Upm":1896},{"AssetCompliance":64},{"DrivenProperties":72},{"LocalIPC":211},{"ProfilerEditor":9746},{"CoreBusinessMetrics":2866},{"Licensing":1232},{"AssetReference":32},{"IPCStream":32}]}
[OVRPlugin][INFO] UnityPluginLoad called
